[{"model": "admin.logentry", "pk": 1, "fields": {"action_time": "2022-12-23T16:47:09.537Z", "user": 1, "content_type": 15, "object_id": "1", "object_repr": "Resultados object (1)", "action_flag": 1, "change_message": "[{\"added\": {}}]"}}, {"model": "admin.logentry", "pk": 2, "fields": {"action_time": "2022-12-23T16:47:39.404Z", "user": 1, "content_type": 15, "object_id": "2", "object_repr": "Resultados object (2)", "action_flag": 1, "change_message": "[{\"added\": {}}]"}}, {"model": "admin.logentry", "pk": 3, "fields": {"action_time": "2022-12-23T16:48:20.006Z", "user": 1, "content_type": 15, "object_id": "3", "object_repr": "Resultados object (3)", "action_flag": 1, "change_message": "[{\"added\": {}}]"}}, {"model": "admin.logentry", "pk": 4, "fields": {"action_time": "2022-12-23T16:48:50.844Z", "user": 1, "content_type": 15, "object_id": "2", "object_repr": "Resultados object (2)", "action_flag": 2, "change_message": "[]"}}, {"model": "admin.logentry", "pk": 5, "fields": {"action_time": "2022-12-23T17:22:29.787Z", "user": 1, "content_type": 15, "object_id": "4", "object_repr": "Resultados object (4)", "action_flag": 1, "change_message": "[{\"added\": {}}]"}}, {"model": "admin.logentry", "pk": 6, "fields": {"action_time": "2022-12-23T17:22:59.523Z", "user": 1, "content_type": 15, "object_id": "5", "object_repr": "Resultados object (5)", "action_flag": 1, "change_message": "[{\"added\": {}}]"}}, {"model": "admin.logentry", "pk": 7, "fields": {"action_time": "2022-12-23T17:24:55.024Z", "user": 1, "content_type": 15, "object_id": "4", "object_repr": "Resultados object (4)", "action_flag": 2, "change_message": "[]"}}, {"model": "admin.logentry", "pk": 8, "fields": {"action_time": "2022-12-25T19:35:23.461Z", "user": 1, "content_type": 15, "object_id": "5", "object_repr": "Resultados object (5)", "action_flag": 2, "change_message": "[{\"changed\": {\"fields\": [\"Corrida ronda\", \"Piloto pilotoid\"]}}]"}}, {"model": "admin.logentry", "pk": 9, "fields": {"action_time": "2022-12-25T19:35:33.724Z", "user": 1, "content_type": 15, "object_id": "4", "object_repr": "Resultados object (4)", "action_flag": 2, "change_message": "[{\"changed\": {\"fields\": [\"Corrida ronda\", \"Piloto pilotoid\"]}}]"}}, {"model": "admin.logentry", "pk": 10, "fields": {"action_time": "2022-12-25T19:36:09.488Z", "user": 1, "content_type": 15, "object_id": "3", "object_repr": "Resultados object (3)", "action_flag": 2, "change_message": "[]"}}, {"model": "admin.logentry", "pk": 11, "fields": {"action_time": "2022-12-28T22:46:05.414Z", "user": 1, "content_type": 8, "object_id": "3", "object_repr": "Comentado por Diogo Goncalves a 2022-12-28", "action_flag": 1, "change_message": "[{\"added\": {}}]"}}, {"model": "admin.logentry", "pk": 12, "fields": {"action_time": "2022-12-28T23:18:15.087Z", "user": 1, "content_type": 15, "object_id": "46", "object_repr": "Sebastian Vettel é 6 na corrida Baku City Circuit da epoca 2022", "action_flag": 2, "change_message": "[{\"changed\": {\"fields\": [\"Piloto pilotoid\"]}}]"}}, {"model": "admin.logentry", "pk": 13, "fields": {"action_time": "2022-12-29T11:08:48.682Z", "user": 1, "content_type": 15, "object_id": "4", "object_repr": "George Russel é 7 na corrida Bahrain International Circuit da epoca 2022", "action_flag": 2, "change_message": "[{\"changed\": {\"fields\": [\"Posfinal\", \"Tempototal\", \"Voltarapida\"]}}]"}}, {"model": "admin.logentry", "pk": 14, "fields": {"action_time": "2022-12-30T00:02:20.615Z", "user": 1, "content_type": 13, "object_id": "1", "object_repr": "Lewis Hamilton vence GP de Monza publicado a 2022-03-11", "action_flag": 2, "change_message": "[{\"changed\": {\"fields\": [\"Criadoem\"]}}]"}}, {"model": "admin.logentry", "pk": 15, "fields": {"action_time": "2022-12-30T00:02:35.795Z", "user": 1, "content_type": 13, "object_id": "3", "object_repr": "Ferrari sofre com problemas técnicos em Spa publicado a 2022-04-12", "action_flag": 2, "change_message": "[{\"changed\": {\"fields\": [\"Criadoem\"]}}]"}}, {"model": "admin.logentry", "pk": 16, "fields": {"action_time": "2022-12-30T00:03:49.797Z", "user": 1, "content_type": 13, "object_id": "4", "object_repr": "Charles Leclerc vence Grande Prémio da Azerbaijan publicado a 2022-06-06", "action_flag": 2, "change_message": "[{\"changed\": {\"fields\": [\"Foto\"]}}]"}}, {"model": "admin.logentry", "pk": 17, "fields": {"action_time": "2022-12-30T01:08:51.997Z", "user": 1, "content_type": 8, "object_id": "13", "object_repr": "Comentado por Diogo Soares a 2022-12-28", "action_flag": 3, "change_message": ""}}, {"model": "admin.logentry", "pk": 18, "fields": {"action_time": "2022-12-30T01:08:52.043Z", "user": 1, "content_type": 8, "object_id": "10", "object_repr": "Comentado por Diogo Soares a 2022-12-28", "action_flag": 3, "change_message": ""}}, {"model": "admin.logentry", "pk": 19, "fields": {"action_time": "2022-12-30T01:08:52.087Z", "user": 1, "content_type": 8, "object_id": "9", "object_repr": "Comentado por Guilherme a 2022-12-28", "action_flag": 3, "change_message": ""}}, {"model": "admin.logentry", "pk": 20, "fields": {"action_time": "2022-12-30T01:08:52.130Z", "user": 1, "content_type": 8, "object_id": "7", "object_repr": "Comentado por Maria Miguel Cruz a 2022-12-28", "action_flag": 3, "change_message": ""}}, {"model": "admin.logentry", "pk": 21, "fields": {"action_time": "2022-12-30T01:08:52.173Z", "user": 1, "content_type": 8, "object_id": "20", "object_repr": "Comentado por a a 2022-12-30", "action_flag": 3, "change_message": ""}}, {"model": "admin.logentry", "pk": 22, "fields": {"action_time": "2022-12-30T01:08:52.222Z", "user": 1, "content_type": 8, "object_id": "19", "object_repr": "Comentado por asd a 2022-12-30", "action_flag": 3, "change_message": ""}}, {"model": "admin.logentry", "pk": 23, "fields": {"action_time": "2022-12-30T01:08:52.266Z", "user": 1, "content_type": 8, "object_id": "18", "object_repr": "Comentado por a a 2022-12-30", "action_flag": 3, "change_message": ""}}, {"model": "admin.logentry", "pk": 24, "fields": {"action_time": "2022-12-30T14:52:27.642Z", "user": 1, "content_type": 8, "object_id": "21", "object_repr": "Comentado por Charles Leclearc FAN #1 a 2022-12-30", "action_flag": 3, "change_message": ""}}, {"model": "admin.logentry", "pk": 25, "fields": {"action_time": "2023-01-01T20:46:50.998Z", "user": 1, "content_type": 14, "object_id": "8", "object_repr": "Daniel Ricciardo", "action_flag": 1, "change_message": "[{\"added\": {}}]"}}, {"model": "admin.logentry", "pk": 26, "fields": {"action_time": "2023-01-01T21:09:12.313Z", "user": 1, "content_type": 8, "object_id": "14", "object_repr": "Comentado por Francisco Jorge a 2022-12-28", "action_flag": 3, "change_message": ""}}, {"model": "admin.logentry", "pk": 27, "fields": {"action_time": "2023-01-01T21:09:12.363Z", "user": 1, "content_type": 8, "object_id": "12", "object_repr": "Comentado por Diogo Soares a 2022-12-28", "action_flag": 3, "change_message": ""}}, {"model": "admin.logentry", "pk": 28, "fields": {"action_time": "2023-01-01T21:09:12.411Z", "user": 1, "content_type": 8, "object_id": "11", "object_repr": "Comentado por Guilherme a 2022-12-28", "action_flag": 3, "change_message": ""}}, {"model": "admin.logentry", "pk": 29, "fields": {"action_time": "2023-01-01T21:09:12.460Z", "user": 1, "content_type": 8, "object_id": "8", "object_repr": "Comentado por João Miguel a 2022-12-28", "action_flag": 3, "change_message": ""}}, {"model": "admin.logentry", "pk": 30, "fields": {"action_time": "2023-01-01T21:09:12.509Z", "user": 1, "content_type": 8, "object_id": "6", "object_repr": "Comentado por Maria Miguel Cruz a 2022-12-28", "action_flag": 3, "change_message": ""}}, {"model": "admin.logentry", "pk": 31, "fields": {"action_time": "2023-01-01T21:09:12.560Z", "user": 1, "content_type": 8, "object_id": "3", "object_repr": "Comentado por Diogo Goncalves a 2022-12-28", "action_flag": 3, "change_message": ""}}, {"model": "admin.logentry", "pk": 32, "fields": {"action_time": "2023-01-01T21:09:12.615Z", "user": 1, "content_type": 8, "object_id": "24", "object_repr": "Comentado por Gonçalo Biltes a 2022-12-30", "action_flag": 3, "change_message": ""}}, {"model": "admin.logentry", "pk": 33, "fields": {"action_time": "2023-01-01T21:09:12.668Z", "user": 1, "content_type": 8, "object_id": "23", "object_repr": "Comentado por Diogo Francisco a 2022-12-30", "action_flag": 3, "change_message": ""}}, {"model": "admin.logentry", "pk": 34, "fields": {"action_time": "2023-01-01T21:09:12.719Z", "user": 1, "content_type": 8, "object_id": "22", "object_repr": "Comentado por Charles Leclearc FAN #1 a 2022-12-30", "action_flag": 3, "change_message": ""}}, {"model": "admin.logentry", "pk": 35, "fields": {"action_time": "2023-01-01T21:09:12.771Z", "user": 1, "content_type": 8, "object_id": "25", "object_repr": "Comentado por Maria a 2022-12-31", "action_flag": 3, "change_message": ""}}, {"model": "auth.permission", "pk": 1, "fields": {"name": "Can add log entry", "content_type": 1, "codename": "add_logentry"}}, {"model": "auth.permission", "pk": 2, "fields": {"name": "Can change log entry", "content_type": 1, "codename": "change_logentry"}}, {"model": "auth.permission", "pk": 3, "fields": {"name": "Can delete log entry", "content_type": 1, "codename": "delete_logentry"}}, {"model": "auth.permission", "pk": 4, "fields": {"name": "Can view log entry", "content_type": 1, "codename": "view_logentry"}}, {"model": "auth.permission", "pk": 5, "fields": {"name": "Can add permission", "content_type": 2, "codename": "add_permission"}}, {"model": "auth.permission", "pk": 6, "fields": {"name": "Can change permission", "content_type": 2, "codename": "change_permission"}}, {"model": "auth.permission", "pk": 7, "fields": {"name": "Can delete permission", "content_type": 2, "codename": "delete_permission"}}, {"model": "auth.permission", "pk": 8, "fields": {"name": "Can view permission", "content_type": 2, "codename": "view_permission"}}, {"model": "auth.permission", "pk": 9, "fields": {"name": "Can add group", "content_type": 3, "codename": "add_group"}}, {"model": "auth.permission", "pk": 10, "fields": {"name": "Can change group", "content_type": 3, "codename": "change_group"}}, {"model": "auth.permission", "pk": 11, "fields": {"name": "Can delete group", "content_type": 3, "codename": "delete_group"}}, {"model": "auth.permission", "pk": 12, "fields": {"name": "Can view group", "content_type": 3, "codename": "view_group"}}, {"model": "auth.permission", "pk": 13, "fields": {"name": "Can add user", "content_type": 4, "codename": "add_user"}}, {"model": "auth.permission", "pk": 14, "fields": {"name": "Can change user", "content_type": 4, "codename": "change_user"}}, {"model": "auth.permission", "pk": 15, "fields": {"name": "Can delete user", "content_type": 4, "codename": "delete_user"}}, {"model": "auth.permission", "pk": 16, "fields": {"name": "Can view user", "content_type": 4, "codename": "view_user"}}, {"model": "auth.permission", "pk": 17, "fields": {"name": "Can add content type", "content_type": 5, "codename": "add_contenttype"}}, {"model": "auth.permission", "pk": 18, "fields": {"name": "Can change content type", "content_type": 5, "codename": "change_contenttype"}}, {"model": "auth.permission", "pk": 19, "fields": {"name": "Can delete content type", "content_type": 5, "codename": "delete_contenttype"}}, {"model": "auth.permission", "pk": 20, "fields": {"name": "Can view content type", "content_type": 5, "codename": "view_contenttype"}}, {"model": "auth.permission", "pk": 21, "fields": {"name": "Can add session", "content_type": 6, "codename": "add_session"}}, {"model": "auth.permission", "pk": 22, "fields": {"name": "Can change session", "content_type": 6, "codename": "change_session"}}, {"model": "auth.permission", "pk": 23, "fields": {"name": "Can delete session", "content_type": 6, "codename": "delete_session"}}, {"model": "auth.permission", "pk": 24, "fields": {"name": "Can view session", "content_type": 6, "codename": "view_session"}}, {"model": "auth.permission", "pk": 25, "fields": {"name": "Can add circuito", "content_type": 7, "codename": "add_circuito"}}, {"model": "auth.permission", "pk": 26, "fields": {"name": "Can change circuito", "content_type": 7, "codename": "change_circuito"}}, {"model": "auth.permission", "pk": 27, "fields": {"name": "Can delete circuito", "content_type": 7, "codename": "delete_circuito"}}, {"model": "auth.permission", "pk": 28, "fields": {"name": "Can view circuito", "content_type": 7, "codename": "view_circuito"}}, {"model": "auth.permission", "pk": 29, "fields": {"name": "Can add comentario", "content_type": 8, "codename": "add_comentario"}}, {"model": "auth.permission", "pk": 30, "fields": {"name": "Can change comentario", "content_type": 8, "codename": "change_comentario"}}, {"model": "auth.permission", "pk": 31, "fields": {"name": "Can delete comentario", "content_type": 8, "codename": "delete_comentario"}}, {"model": "auth.permission", "pk": 32, "fields": {"name": "Can view comentario", "content_type": 8, "codename": "view_comentario"}}, {"model": "auth.permission", "pk": 33, "fields": {"name": "Can add construtor", "content_type": 9, "codename": "add_construtor"}}, {"model": "auth.permission", "pk": 34, "fields": {"name": "Can change construtor", "content_type": 9, "codename": "change_construtor"}}, {"model": "auth.permission", "pk": 35, "fields": {"name": "Can delete construtor", "content_type": 9, "codename": "delete_construtor"}}, {"model": "auth.permission", "pk": 36, "fields": {"name": "Can view construtor", "content_type": 9, "codename": "view_construtor"}}, {"model": "auth.permission", "pk": 37, "fields": {"name": "Can add corrida", "content_type": 10, "codename": "add_corrida"}}, {"model": "auth.permission", "pk": 38, "fields": {"name": "Can change corrida", "content_type": 10, "codename": "change_corrida"}}, {"model": "auth.permission", "pk": 39, "fields": {"name": "Can delete corrida", "content_type": 10, "codename": "delete_corrida"}}, {"model": "auth.permission", "pk": 40, "fields": {"name": "Can view corrida", "content_type": 10, "codename": "view_corrida"}}, {"model": "auth.permission", "pk": 41, "fields": {"name": "Can add epoca", "content_type": 11, "codename": "add_epoca"}}, {"model": "auth.permission", "pk": 42, "fields": {"name": "Can change epoca", "content_type": 11, "codename": "change_epoca"}}, {"model": "auth.permission", "pk": 43, "fields": {"name": "Can delete epoca", "content_type": 11, "codename": "delete_epoca"}}, {"model": "auth.permission", "pk": 44, "fields": {"name": "Can view epoca", "content_type": 11, "codename": "view_epoca"}}, {"model": "auth.permission", "pk": 45, "fields": {"name": "Can add equipa", "content_type": 12, "codename": "add_equipa"}}, {"model": "auth.permission", "pk": 46, "fields": {"name": "Can change equipa", "content_type": 12, "codename": "change_equipa"}}, {"model": "auth.permission", "pk": 47, "fields": {"name": "Can delete equipa", "content_type": 12, "codename": "delete_equipa"}}, {"model": "auth.permission", "pk": 48, "fields": {"name": "Can view equipa", "content_type": 12, "codename": "view_equipa"}}, {"model": "auth.permission", "pk": 49, "fields": {"name": "Can add noticia", "content_type": 13, "codename": "add_noticia"}}, {"model": "auth.permission", "pk": 50, "fields": {"name": "Can change noticia", "content_type": 13, "codename": "change_noticia"}}, {"model": "auth.permission", "pk": 51, "fields": {"name": "Can delete noticia", "content_type": 13, "codename": "delete_noticia"}}, {"model": "auth.permission", "pk": 52, "fields": {"name": "Can view noticia", "content_type": 13, "codename": "view_noticia"}}, {"model": "auth.permission", "pk": 53, "fields": {"name": "Can add piloto", "content_type": 14, "codename": "add_piloto"}}, {"model": "auth.permission", "pk": 54, "fields": {"name": "Can change piloto", "content_type": 14, "codename": "change_piloto"}}, {"model": "auth.permission", "pk": 55, "fields": {"name": "Can delete piloto", "content_type": 14, "codename": "delete_piloto"}}, {"model": "auth.permission", "pk": 56, "fields": {"name": "Can view piloto", "content_type": 14, "codename": "view_piloto"}}, {"model": "auth.permission", "pk": 57, "fields": {"name": "Can add resultados", "content_type": 15, "codename": "add_resultados"}}, {"model": "auth.permission", "pk": 58, "fields": {"name": "Can change resultados", "content_type": 15, "codename": "change_resultados"}}, {"model": "auth.permission", "pk": 59, "fields": {"name": "Can delete resultados", "content_type": 15, "codename": "delete_resultados"}}, {"model": "auth.permission", "pk": 60, "fields": {"name": "Can view resultados", "content_type": 15, "codename": "view_resultados"}}, {"model": "auth.permission", "pk": 61, "fields": {"name": "Can add auth group", "content_type": 16, "codename": "add_authgroup"}}, {"model": "auth.permission", "pk": 62, "fields": {"name": "Can change auth group", "content_type": 16, "codename": "change_authgroup"}}, {"model": "auth.permission", "pk": 63, "fields": {"name": "Can delete auth group", "content_type": 16, "codename": "delete_authgroup"}}, {"model": "auth.permission", "pk": 64, "fields": {"name": "Can view auth group", "content_type": 16, "codename": "view_authgroup"}}, {"model": "auth.permission", "pk": 65, "fields": {"name": "Can add auth group permissions", "content_type": 17, "codename": "add_authgrouppermissions"}}, {"model": "auth.permission", "pk": 66, "fields": {"name": "Can change auth group permissions", "content_type": 17, "codename": "change_authgrouppermissions"}}, {"model": "auth.permission", "pk": 67, "fields": {"name": "Can delete auth group permissions", "content_type": 17, "codename": "delete_authgrouppermissions"}}, {"model": "auth.permission", "pk": 68, "fields": {"name": "Can view auth group permissions", "content_type": 17, "codename": "view_authgrouppermissions"}}, {"model": "auth.permission", "pk": 69, "fields": {"name": "Can add auth permission", "content_type": 18, "codename": "add_authpermission"}}, {"model": "auth.permission", "pk": 70, "fields": {"name": "Can change auth permission", "content_type": 18, "codename": "change_authpermission"}}, {"model": "auth.permission", "pk": 71, "fields": {"name": "Can delete auth permission", "content_type": 18, "codename": "delete_authpermission"}}, {"model": "auth.permission", "pk": 72, "fields": {"name": "Can view auth permission", "content_type": 18, "codename": "view_authpermission"}}, {"model": "auth.permission", "pk": 73, "fields": {"name": "Can add auth user", "content_type": 19, "codename": "add_authuser"}}, {"model": "auth.permission", "pk": 74, "fields": {"name": "Can change auth user", "content_type": 19, "codename": "change_authuser"}}, {"model": "auth.permission", "pk": 75, "fields": {"name": "Can delete auth user", "content_type": 19, "codename": "delete_authuser"}}, {"model": "auth.permission", "pk": 76, "fields": {"name": "Can view auth user", "content_type": 19, "codename": "view_authuser"}}, {"model": "auth.permission", "pk": 77, "fields": {"name": "Can add auth user groups", "content_type": 20, "codename": "add_authusergroups"}}, {"model": "auth.permission", "pk": 78, "fields": {"name": "Can change auth user groups", "content_type": 20, "codename": "change_authusergroups"}}, {"model": "auth.permission", "pk": 79, "fields": {"name": "Can delete auth user groups", "content_type": 20, "codename": "delete_authusergroups"}}, {"model": "auth.permission", "pk": 80, "fields": {"name": "Can view auth user groups", "content_type": 20, "codename": "view_authusergroups"}}, {"model": "auth.permission", "pk": 81, "fields": {"name": "Can add auth user user permissions", "content_type": 21, "codename": "add_authuseruserpermissions"}}, {"model": "auth.permission", "pk": 82, "fields": {"name": "Can change auth user user permissions", "content_type": 21, "codename": "change_authuseruserpermissions"}}, {"model": "auth.permission", "pk": 83, "fields": {"name": "Can delete auth user user permissions", "content_type": 21, "codename": "delete_authuseruserpermissions"}}, {"model": "auth.permission", "pk": 84, "fields": {"name": "Can view auth user user permissions", "content_type": 21, "codename": "view_authuseruserpermissions"}}, {"model": "auth.permission", "pk": 85, "fields": {"name": "Can add django admin log", "content_type": 22, "codename": "add_djangoadminlog"}}, {"model": "auth.permission", "pk": 86, "fields": {"name": "Can change django admin log", "content_type": 22, "codename": "change_djangoadminlog"}}, {"model": "auth.permission", "pk": 87, "fields": {"name": "Can delete django admin log", "content_type": 22, "codename": "delete_djangoadminlog"}}, {"model": "auth.permission", "pk": 88, "fields": {"name": "Can view django admin log", "content_type": 22, "codename": "view_djangoadminlog"}}, {"model": "auth.permission", "pk": 89, "fields": {"name": "Can add django content type", "content_type": 23, "codename": "add_djangocontenttype"}}, {"model": "auth.permission", "pk": 90, "fields": {"name": "Can change django content type", "content_type": 23, "codename": "change_djangocontenttype"}}, {"model": "auth.permission", "pk": 91, "fields": {"name": "Can delete django content type", "content_type": 23, "codename": "delete_djangocontenttype"}}, {"model": "auth.permission", "pk": 92, "fields": {"name": "Can view django content type", "content_type": 23, "codename": "view_djangocontenttype"}}, {"model": "auth.permission", "pk": 93, "fields": {"name": "Can add django migrations", "content_type": 24, "codename": "add_djangomigrations"}}, {"model": "auth.permission", "pk": 94, "fields": {"name": "Can change django migrations", "content_type": 24, "codename": "change_djangomigrations"}}, {"model": "auth.permission", "pk": 95, "fields": {"name": "Can delete django migrations", "content_type": 24, "codename": "delete_djangomigrations"}}, {"model": "auth.permission", "pk": 96, "fields": {"name": "Can view django migrations", "content_type": 24, "codename": "view_djangomigrations"}}, {"model": "auth.permission", "pk": 97, "fields": {"name": "Can add django session", "content_type": 25, "codename": "add_djangosession"}}, {"model": "auth.permission", "pk": 98, "fields": {"name": "Can change django session", "content_type": 25, "codename": "change_djangosession"}}, {"model": "auth.permission", "pk": 99, "fields": {"name": "Can delete django session", "content_type": 25, "codename": "delete_djangosession"}}, {"model": "auth.permission", "pk": 100, "fields": {"name": "Can view django session", "content_type": 25, "codename": "view_djangosession"}}, {"model": "auth.permission", "pk": 101, "fields": {"name": "Can add piloto equipa", "content_type": 26, "codename": "add_pilotoequipa"}}, {"model": "auth.permission", "pk": 102, "fields": {"name": "Can change piloto equipa", "content_type": 26, "codename": "change_pilotoequipa"}}, {"model": "auth.permission", "pk": 103, "fields": {"name": "Can delete piloto equipa", "content_type": 26, "codename": "delete_pilotoequipa"}}, {"model": "auth.permission", "pk": 104, "fields": {"name": "Can view piloto equipa", "content_type": 26, "codename": "view_pilotoequipa"}}, {"model": "auth.permission", "pk": 105, "fields": {"name": "Can add resultado pontos", "content_type": 27, "codename": "add_resultadopontos"}}, {"model": "auth.permission", "pk": 106, "fields": {"name": "Can change resultado pontos", "content_type": 27, "codename": "change_resultadopontos"}}, {"model": "auth.permission", "pk": 107, "fields": {"name": "Can delete resultado pontos", "content_type": 27, "codename": "delete_resultadopontos"}}, {"model": "auth.permission", "pk": 108, "fields": {"name": "Can view resultado pontos", "content_type": 27, "codename": "view_resultadopontos"}}, {"model": "auth.user", "pk": 1, "fields": {"password": "pbkdf2_sha256$390000$vA3Yob0T0oHlNCZ76ppFBj$Rz4q3Sp2st3agQ7ithmu9oD27heCPcogjNQ7Saw+s1A=", "last_login": "2023-01-01T21:08:59.176Z", "is_superuser": true, "username": "admin", "first_name": "", "last_name": "", "email": "", "is_staff": true, "is_active": true, "date_joined": "2022-12-23T16:23:06.111Z", "groups": [], "user_permissions": []}}, {"model": "contenttypes.contenttype", "pk": 1, "fields": {"app_label": "admin", "model": "logentry"}}, {"model": "contenttypes.contenttype", "pk": 2, "fields": {"app_label": "auth", "model": "permission"}}, {"model": "contenttypes.contenttype", "pk": 3, "fields": {"app_label": "auth", "model": "group"}}, {"model": "contenttypes.contenttype", "pk": 4, "fields": {"app_label": "auth", "model": "user"}}, {"model": "contenttypes.contenttype", "pk": 5, "fields": {"app_label": "contenttypes", "model": "contenttype"}}, {"model": "contenttypes.contenttype", "pk": 6, "fields": {"app_label": "sessions", "model": "session"}}, {"model": "contenttypes.contenttype", "pk": 7, "fields": {"app_label": "brTalkingformula", "model": "circuito"}}, {"model": "contenttypes.contenttype", "pk": 8, "fields": {"app_label": "brTalkingformula", "model": "comentario"}}, {"model": "contenttypes.contenttype", "pk": 9, "fields": {"app_label": "brTalkingformula", "model": "construtor"}}, {"model": "contenttypes.contenttype", "pk": 10, "fields": {"app_label": "brTalkingformula", "model": "corrida"}}, {"model": "contenttypes.contenttype", "pk": 11, "fields": {"app_label": "brTalkingformula", "model": "epoca"}}, {"model": "contenttypes.contenttype", "pk": 12, "fields": {"app_label": "brTalkingformula", "model": "equipa"}}, {"model": "contenttypes.contenttype", "pk": 13, "fields": {"app_label": "brTalkingformula", "model": "noticia"}}, {"model": "contenttypes.contenttype", "pk": 14, "fields": {"app_label": "brTalkingformula", "model": "piloto"}}, {"model": "contenttypes.contenttype", "pk": 15, "fields": {"app_label": "brTalkingformula", "model": "resultados"}}, {"model": "contenttypes.contenttype", "pk": 16, "fields": {"app_label": "brTalkingformula", "model": "authgroup"}}, {"model": "contenttypes.contenttype", "pk": 17, "fields": {"app_label": "brTalkingformula", "model": "authgrouppermissions"}}, {"model": "contenttypes.contenttype", "pk": 18, "fields": {"app_label": "brTalkingformula", "model": "authpermission"}}, {"model": "contenttypes.contenttype", "pk": 19, "fields": {"app_label": "brTalkingformula", "model": "authuser"}}, {"model": "contenttypes.contenttype", "pk": 20, "fields": {"app_label": "brTalkingformula", "model": "authusergroups"}}, {"model": "contenttypes.contenttype", "pk": 21, "fields": {"app_label": "brTalkingformula", "model": "authuseruserpermissions"}}, {"model": "contenttypes.contenttype", "pk": 22, "fields": {"app_label": "brTalkingformula", "model": "djangoadminlog"}}, {"model": "contenttypes.contenttype", "pk": 23, "fields": {"app_label": "brTalkingformula", "model": "djangocontenttype"}}, {"model": "contenttypes.contenttype", "pk": 24, "fields": {"app_label": "brTalkingformula", "model": "djangomigrations"}}, {"model": "contenttypes.contenttype", "pk": 25, "fields": {"app_label": "brTalkingformula", "model": "djangosession"}}, {"model": "contenttypes.contenttype", "pk": 26, "fields": {"app_label": "brTalkingformula", "model": "pilotoequipa"}}, {"model": "contenttypes.contenttype", "pk": 27, "fields": {"app_label": "brTalkingformula", "model": "resultadopontos"}}, {"model": "sessions.session", "pk": "2qhjsusucg7o3os21rec6x3h9r0l9ecv", "fields": {"session_data": ".eJxVjEEOgjAQRe_StWk6ZYa2Lt17hmaGAUFNSSisjHdXEha6_e-9_zKZt3XMW-2XPKk5GzCn3024e_RlB3rncpttN5d1mcTuij1otddZ--flcP8ORq7jtx4COfHgPUT1RAjOpTYgaiOgLgJz6kgEA9KgjBx9JAcB29gIBZ_M-wOpEDZD:1pC5Zj:ES98FMtObw_IXDF8pIM4DlcqDMXauYoHNBpAWkg2zaI", "expire_date": "2023-01-15T21:08:59.224Z"}}, {"model": "sessions.session", "pk": "480hsrmwp2z8yki096a043srnd7l7j1h", "fields": {"session_data": ".eJxVjDsOwjAQBe_iGlnxb-OlpOcM0a4_OIBsKU4qxN0hUgpo38y8l5hoW8u09bRMcxRnocTpd2MKj1R3EO9Ub02GVtdlZrkr8qBdXltMz8vh_h0U6uVbw-AVIWFII5iMgMze5WytURwC6myGkRFGthqBGL0Dq030oIyzCp14fwDU2zbX:1pBHCw:beyFActwUeekbj96n3wOs5eSYN8-7xqFF43vgrQxzzs", "expire_date": "2023-01-13T15:22:06.419Z"}}, {"model": "sessions.session", "pk": "57mmkbyuayg6ml1zmvozaem5lc1qsa2g", "fields": {"session_data": ".eJxVjMEOwiAQRP-FsyFAu0g9evcbyLIsUjWQlPZk_Hdp0oNe5jDvzbyFx23Nfmu8-DmKi9Di9NsFpCeXHcQHlnuVVMu6zEHuijxok7ca-XU93L-DjC33tYkKFZx1sgqHMQ5gEVKPITlwhhAMOR0Nm8Rsu0cpcFLThBBw5EDi8wXcmDiF:1pBHM2:HtKSSllW_9e_cFYPwiVF-TOGmI2EH3Weu5-A3jLmRl8", "expire_date": "2023-01-13T15:31:30.714Z"}}, {"model": "sessions.session", "pk": "57tmo2ffabfa9ucohakmunb17ll21ct3", "fields": {"session_data": ".eJxVjDsOwjAQBe_iGll2_Isp6TmDtetd4wBypDipEHeHSCmgfTPzXiLBtta0dV7SROIstDj9bgj5wW0HdId2m2We27pMKHdFHrTL60z8vBzu30GFXr81BweoDARdPEe23pIJQ2QeTQ5QKGrFiEU7lR1oVuwGGjOhBV_QKC3eH_u_OLM:1pC4ql:05ssqz5FX9xKaeRWub1nrer-yOZJrsitGo3lo4AuStQ", "expire_date": "2023-01-15T20:22:31.007Z"}}, {"model": "sessions.session", "pk": "l44j38x4eiuuiowcvjn2g8lr88m7feqx", "fields": {"session_data": ".eJxVjMsOwiAURP-FtSFSwQsu3fsNhPtAqgaS0q6M_26bdKHLmXNm3iqmZS5x6TLFkdVFGXX47TDRU-oG-JHqvWlqdZ5G1Juid9r1rbG8rrv7d1BSL-vaozVoJYuX4NihE8tkA63ZA1KAwbL3GQDFZToCmSwCEvxpOHMgVp8vESQ5LQ:1pB2qb:l21y8AH0o9GmFRqMQ3ZE7bkU7gtrMFOYPQ3qkkBNEDw", "expire_date": "2023-01-13T00:02:05.065Z"}}, {"model": "brTalkingformula.authpermission", "pk": 1, "fields": {"name": "Can add log entry", "content_type": 1, "codename": "add_logentry"}}, {"model": "brTalkingformula.authpermission", "pk": 2, "fields": {"name": "Can change log entry", "content_type": 1, "codename": "change_logentry"}}, {"model": "brTalkingformula.authpermission", "pk": 3, "fields": {"name": "Can delete log entry", "content_type": 1, "codename": "delete_logentry"}}, {"model": "brTalkingformula.authpermission", "pk": 4, "fields": {"name": "Can view log entry", "content_type": 1, "codename": "view_logentry"}}, {"model": "brTalkingformula.authpermission", "pk": 5, "fields": {"name": "Can add permission", "content_type": 2, "codename": "add_permission"}}, {"model": "brTalkingformula.authpermission", "pk": 6, "fields": {"name": "Can change permission", "content_type": 2, "codename": "change_permission"}}, {"model": "brTalkingformula.authpermission", "pk": 7, "fields": {"name": "Can delete permission", "content_type": 2, "codename": "delete_permission"}}, {"model": "brTalkingformula.authpermission", "pk": 8, "fields": {"name": "Can view permission", "content_type": 2, "codename": "view_permission"}}, {"model": "brTalkingformula.authpermission", "pk": 9, "fields": {"name": "Can add group", "content_type": 3, "codename": "add_group"}}, {"model": "brTalkingformula.authpermission", "pk": 10, "fields": {"name": "Can change group", "content_type": 3, "codename": "change_group"}}, {"model": "brTalkingformula.authpermission", "pk": 11, "fields": {"name": "Can delete group", "content_type": 3, "codename": "delete_group"}}, {"model": "brTalkingformula.authpermission", "pk": 12, "fields": {"name": "Can view group", "content_type": 3, "codename": "view_group"}}, {"model": "brTalkingformula.authpermission", "pk": 13, "fields": {"name": "Can add user", "content_type": 4, "codename": "add_user"}}, {"model": "brTalkingformula.authpermission", "pk": 14, "fields": {"name": "Can change user", "content_type": 4, "codename": "change_user"}}, {"model": "brTalkingformula.authpermission", "pk": 15, "fields": {"name": "Can delete user", "content_type": 4, "codename": "delete_user"}}, {"model": "brTalkingformula.authpermission", "pk": 16, "fields": {"name": "Can view user", "content_type": 4, "codename": "view_user"}}, {"model": "brTalkingformula.authpermission", "pk": 17, "fields": {"name": "Can add content type", "content_type": 5, "codename": "add_contenttype"}}, {"model": "brTalkingformula.authpermission", "pk": 18, "fields": {"name": "Can change content type", "content_type": 5, "codename": "change_contenttype"}}, {"model": "brTalkingformula.authpermission", "pk": 19, "fields": {"name": "Can delete content type", "content_type": 5, "codename": "delete_contenttype"}}, {"model": "brTalkingformula.authpermission", "pk": 20, "fields": {"name": "Can view content type", "content_type": 5, "codename": "view_contenttype"}}, {"model": "brTalkingformula.authpermission", "pk": 21, "fields": {"name": "Can add session", "content_type": 6, "codename": "add_session"}}, {"model": "brTalkingformula.authpermission", "pk": 22, "fields": {"name": "Can change session", "content_type": 6, "codename": "change_session"}}, {"model": "brTalkingformula.authpermission", "pk": 23, "fields": {"name": "Can delete session", "content_type": 6, "codename": "delete_session"}}, {"model": "brTalkingformula.authpermission", "pk": 24, "fields": {"name": "Can view session", "content_type": 6, "codename": "view_session"}}, {"model": "brTalkingformula.authpermission", "pk": 25, "fields": {"name": "Can add circuito", "content_type": 7, "codename": "add_circuito"}}, {"model": "brTalkingformula.authpermission", "pk": 26, "fields": {"name": "Can change circuito", "content_type": 7, "codename": "change_circuito"}}, {"model": "brTalkingformula.authpermission", "pk": 27, "fields": {"name": "Can delete circuito", "content_type": 7, "codename": "delete_circuito"}}, {"model": "brTalkingformula.authpermission", "pk": 28, "fields": {"name": "Can view circuito", "content_type": 7, "codename": "view_circuito"}}, {"model": "brTalkingformula.authpermission", "pk": 29, "fields": {"name": "Can add comentario", "content_type": 8, "codename": "add_comentario"}}, {"model": "brTalkingformula.authpermission", "pk": 30, "fields": {"name": "Can change comentario", "content_type": 8, "codename": "change_comentario"}}, {"model": "brTalkingformula.authpermission", "pk": 31, "fields": {"name": "Can delete comentario", "content_type": 8, "codename": "delete_comentario"}}, {"model": "brTalkingformula.authpermission", "pk": 32, "fields": {"name": "Can view comentario", "content_type": 8, "codename": "view_comentario"}}, {"model": "brTalkingformula.authpermission", "pk": 33, "fields": {"name": "Can add construtor", "content_type": 9, "codename": "add_construtor"}}, {"model": "brTalkingformula.authpermission", "pk": 34, "fields": {"name": "Can change construtor", "content_type": 9, "codename": "change_construtor"}}, {"model": "brTalkingformula.authpermission", "pk": 35, "fields": {"name": "Can delete construtor", "content_type": 9, "codename": "delete_construtor"}}, {"model": "brTalkingformula.authpermission", "pk": 36, "fields": {"name": "Can view construtor", "content_type": 9, "codename": "view_construtor"}}, {"model": "brTalkingformula.authpermission", "pk": 37, "fields": {"name": "Can add corrida", "content_type": 10, "codename": "add_corrida"}}, {"model": "brTalkingformula.authpermission", "pk": 38, "fields": {"name": "Can change corrida", "content_type": 10, "codename": "change_corrida"}}, {"model": "brTalkingformula.authpermission", "pk": 39, "fields": {"name": "Can delete corrida", "content_type": 10, "codename": "delete_corrida"}}, {"model": "brTalkingformula.authpermission", "pk": 40, "fields": {"name": "Can view corrida", "content_type": 10, "codename": "view_corrida"}}, {"model": "brTalkingformula.authpermission", "pk": 41, "fields": {"name": "Can add epoca", "content_type": 11, "codename": "add_epoca"}}, {"model": "brTalkingformula.authpermission", "pk": 42, "fields": {"name": "Can change epoca", "content_type": 11, "codename": "change_epoca"}}, {"model": "brTalkingformula.authpermission", "pk": 43, "fields": {"name": "Can delete epoca", "content_type": 11, "codename": "delete_epoca"}}, {"model": "brTalkingformula.authpermission", "pk": 44, "fields": {"name": "Can view epoca", "content_type": 11, "codename": "view_epoca"}}, {"model": "brTalkingformula.authpermission", "pk": 45, "fields": {"name": "Can add equipa", "content_type": 12, "codename": "add_equipa"}}, {"model": "brTalkingformula.authpermission", "pk": 46, "fields": {"name": "Can change equipa", "content_type": 12, "codename": "change_equipa"}}, {"model": "brTalkingformula.authpermission", "pk": 47, "fields": {"name": "Can delete equipa", "content_type": 12, "codename": "delete_equipa"}}, {"model": "brTalkingformula.authpermission", "pk": 48, "fields": {"name": "Can view equipa", "content_type": 12, "codename": "view_equipa"}}, {"model": "brTalkingformula.authpermission", "pk": 49, "fields": {"name": "Can add noticia", "content_type": 13, "codename": "add_noticia"}}, {"model": "brTalkingformula.authpermission", "pk": 50, "fields": {"name": "Can change noticia", "content_type": 13, "codename": "change_noticia"}}, {"model": "brTalkingformula.authpermission", "pk": 51, "fields": {"name": "Can delete noticia", "content_type": 13, "codename": "delete_noticia"}}, {"model": "brTalkingformula.authpermission", "pk": 52, "fields": {"name": "Can view noticia", "content_type": 13, "codename": "view_noticia"}}, {"model": "brTalkingformula.authpermission", "pk": 53, "fields": {"name": "Can add piloto", "content_type": 14, "codename": "add_piloto"}}, {"model": "brTalkingformula.authpermission", "pk": 54, "fields": {"name": "Can change piloto", "content_type": 14, "codename": "change_piloto"}}, {"model": "brTalkingformula.authpermission", "pk": 55, "fields": {"name": "Can delete piloto", "content_type": 14, "codename": "delete_piloto"}}, {"model": "brTalkingformula.authpermission", "pk": 56, "fields": {"name": "Can view piloto", "content_type": 14, "codename": "view_piloto"}}, {"model": "brTalkingformula.authpermission", "pk": 57, "fields": {"name": "Can add resultados", "content_type": 15, "codename": "add_resultados"}}, {"model": "brTalkingformula.authpermission", "pk": 58, "fields": {"name": "Can change resultados", "content_type": 15, "codename": "change_resultados"}}, {"model": "brTalkingformula.authpermission", "pk": 59, "fields": {"name": "Can delete resultados", "content_type": 15, "codename": "delete_resultados"}}, {"model": "brTalkingformula.authpermission", "pk": 60, "fields": {"name": "Can view resultados", "content_type": 15, "codename": "view_resultados"}}, {"model": "brTalkingformula.authpermission", "pk": 61, "fields": {"name": "Can add auth group", "content_type": 16, "codename": "add_authgroup"}}, {"model": "brTalkingformula.authpermission", "pk": 62, "fields": {"name": "Can change auth group", "content_type": 16, "codename": "change_authgroup"}}, {"model": "brTalkingformula.authpermission", "pk": 63, "fields": {"name": "Can delete auth group", "content_type": 16, "codename": "delete_authgroup"}}, {"model": "brTalkingformula.authpermission", "pk": 64, "fields": {"name": "Can view auth group", "content_type": 16, "codename": "view_authgroup"}}, {"model": "brTalkingformula.authpermission", "pk": 65, "fields": {"name": "Can add auth group permissions", "content_type": 17, "codename": "add_authgrouppermissions"}}, {"model": "brTalkingformula.authpermission", "pk": 66, "fields": {"name": "Can change auth group permissions", "content_type": 17, "codename": "change_authgrouppermissions"}}, {"model": "brTalkingformula.authpermission", "pk": 67, "fields": {"name": "Can delete auth group permissions", "content_type": 17, "codename": "delete_authgrouppermissions"}}, {"model": "brTalkingformula.authpermission", "pk": 68, "fields": {"name": "Can view auth group permissions", "content_type": 17, "codename": "view_authgrouppermissions"}}, {"model": "brTalkingformula.authpermission", "pk": 69, "fields": {"name": "Can add auth permission", "content_type": 18, "codename": "add_authpermission"}}, {"model": "brTalkingformula.authpermission", "pk": 70, "fields": {"name": "Can change auth permission", "content_type": 18, "codename": "change_authpermission"}}, {"model": "brTalkingformula.authpermission", "pk": 71, "fields": {"name": "Can delete auth permission", "content_type": 18, "codename": "delete_authpermission"}}, {"model": "brTalkingformula.authpermission", "pk": 72, "fields": {"name": "Can view auth permission", "content_type": 18, "codename": "view_authpermission"}}, {"model": "brTalkingformula.authpermission", "pk": 73, "fields": {"name": "Can add auth user", "content_type": 19, "codename": "add_authuser"}}, {"model": "brTalkingformula.authpermission", "pk": 74, "fields": {"name": "Can change auth user", "content_type": 19, "codename": "change_authuser"}}, {"model": "brTalkingformula.authpermission", "pk": 75, "fields": {"name": "Can delete auth user", "content_type": 19, "codename": "delete_authuser"}}, {"model": "brTalkingformula.authpermission", "pk": 76, "fields": {"name": "Can view auth user", "content_type": 19, "codename": "view_authuser"}}, {"model": "brTalkingformula.authpermission", "pk": 77, "fields": {"name": "Can add auth user groups", "content_type": 20, "codename": "add_authusergroups"}}, {"model": "brTalkingformula.authpermission", "pk": 78, "fields": {"name": "Can change auth user groups", "content_type": 20, "codename": "change_authusergroups"}}, {"model": "brTalkingformula.authpermission", "pk": 79, "fields": {"name": "Can delete auth user groups", "content_type": 20, "codename": "delete_authusergroups"}}, {"model": "brTalkingformula.authpermission", "pk": 80, "fields": {"name": "Can view auth user groups", "content_type": 20, "codename": "view_authusergroups"}}, {"model": "brTalkingformula.authpermission", "pk": 81, "fields": {"name": "Can add auth user user permissions", "content_type": 21, "codename": "add_authuseruserpermissions"}}, {"model": "brTalkingformula.authpermission", "pk": 82, "fields": {"name": "Can change auth user user permissions", "content_type": 21, "codename": "change_authuseruserpermissions"}}, {"model": "brTalkingformula.authpermission", "pk": 83, "fields": {"name": "Can delete auth user user permissions", "content_type": 21, "codename": "delete_authuseruserpermissions"}}, {"model": "brTalkingformula.authpermission", "pk": 84, "fields": {"name": "Can view auth user user permissions", "content_type": 21, "codename": "view_authuseruserpermissions"}}, {"model": "brTalkingformula.authpermission", "pk": 85, "fields": {"name": "Can add django admin log", "content_type": 22, "codename": "add_djangoadminlog"}}, {"model": "brTalkingformula.authpermission", "pk": 86, "fields": {"name": "Can change django admin log", "content_type": 22, "codename": "change_djangoadminlog"}}, {"model": "brTalkingformula.authpermission", "pk": 87, "fields": {"name": "Can delete django admin log", "content_type": 22, "codename": "delete_djangoadminlog"}}, {"model": "brTalkingformula.authpermission", "pk": 88, "fields": {"name": "Can view django admin log", "content_type": 22, "codename": "view_djangoadminlog"}}, {"model": "brTalkingformula.authpermission", "pk": 89, "fields": {"name": "Can add django content type", "content_type": 23, "codename": "add_djangocontenttype"}}, {"model": "brTalkingformula.authpermission", "pk": 90, "fields": {"name": "Can change django content type", "content_type": 23, "codename": "change_djangocontenttype"}}, {"model": "brTalkingformula.authpermission", "pk": 91, "fields": {"name": "Can delete django content type", "content_type": 23, "codename": "delete_djangocontenttype"}}, {"model": "brTalkingformula.authpermission", "pk": 92, "fields": {"name": "Can view django content type", "content_type": 23, "codename": "view_djangocontenttype"}}, {"model": "brTalkingformula.authpermission", "pk": 93, "fields": {"name": "Can add django migrations", "content_type": 24, "codename": "add_djangomigrations"}}, {"model": "brTalkingformula.authpermission", "pk": 94, "fields": {"name": "Can change django migrations", "content_type": 24, "codename": "change_djangomigrations"}}, {"model": "brTalkingformula.authpermission", "pk": 95, "fields": {"name": "Can delete django migrations", "content_type": 24, "codename": "delete_djangomigrations"}}, {"model": "brTalkingformula.authpermission", "pk": 96, "fields": {"name": "Can view django migrations", "content_type": 24, "codename": "view_djangomigrations"}}, {"model": "brTalkingformula.authpermission", "pk": 97, "fields": {"name": "Can add django session", "content_type": 25, "codename": "add_djangosession"}}, {"model": "brTalkingformula.authpermission", "pk": 98, "fields": {"name": "Can change django session", "content_type": 25, "codename": "change_djangosession"}}, {"model": "brTalkingformula.authpermission", "pk": 99, "fields": {"name": "Can delete django session", "content_type": 25, "codename": "delete_djangosession"}}, {"model": "brTalkingformula.authpermission", "pk": 100, "fields": {"name": "Can view django session", "content_type": 25, "codename": "view_djangosession"}}, {"model": "brTalkingformula.authpermission", "pk": 101, "fields": {"name": "Can add piloto equipa", "content_type": 26, "codename": "add_pilotoequipa"}}, {"model": "brTalkingformula.authpermission", "pk": 102, "fields": {"name": "Can change piloto equipa", "content_type": 26, "codename": "change_pilotoequipa"}}, {"model": "brTalkingformula.authpermission", "pk": 103, "fields": {"name": "Can delete piloto equipa", "content_type": 26, "codename": "delete_pilotoequipa"}}, {"model": "brTalkingformula.authpermission", "pk": 104, "fields": {"name": "Can view piloto equipa", "content_type": 26, "codename": "view_pilotoequipa"}}, {"model": "brTalkingformula.authpermission", "pk": 105, "fields": {"name": "Can add resultado pontos", "content_type": 27, "codename": "add_resultadopontos"}}, {"model": "brTalkingformula.authpermission", "pk": 106, "fields": {"name": "Can change resultado pontos", "content_type": 27, "codename": "change_resultadopontos"}}, {"model": "brTalkingformula.authpermission", "pk": 107, "fields": {"name": "Can delete resultado pontos", "content_type": 27, "codename": "delete_resultadopontos"}}, {"model": "brTalkingformula.authpermission", "pk": 108, "fields": {"name": "Can view resultado pontos", "content_type": 27, "codename": "view_resultadopontos"}}, {"model": "brTalkingformula.authuser", "pk": 1, "fields": {"password": "pbkdf2_sha256$390000$vA3Yob0T0oHlNCZ76ppFBj$Rz4q3Sp2st3agQ7ithmu9oD27heCPcogjNQ7Saw+s1A=", "last_login": "2023-01-01T21:08:59.176Z", "is_superuser": true, "username": "admin", "first_name": "", "last_name": "", "email": "", "is_staff": true, "is_active": true, "date_joined": "2022-12-23T16:23:06.111Z"}}, {"model": "brTalkingformula.circuito", "pk": 1, "fields": {"nome": "Bahrain International Circuit", "criadoem": "2004-03-17", "comprimento": 5.412, "curvas": 15, "foto": "https://a.espncdn.com/i/venues/f1/day/243.svg"}}, {"model": "brTalkingformula.circuito", "pk": 2, "fields": {"nome": "Jeddah Street Circuit", "criadoem": "2021-12-03", "comprimento": 5.154, "curvas": 27, "foto": "https://upload.wikimedia.org/wikipedia/commons/thumb/4/4c/Jeddah_Street_Circuit_2021.svg/250px-Jeddah_Street_Circuit_2021.svg.png"}}, {"model": "brTalkingformula.circuito", "pk": 3, "fields": {"nome": "Albert Park Circuit", "criadoem": "1953-11-20", "comprimento": 5.303, "curvas": 16, "foto": "https://a.espncdn.com/i/venues/f1/day/241.svg"}}, {"model": "brTalkingformula.circuito", "pk": 4, "fields": {"nome": "Autodromo Internazionale Enzo e Dino Ferrari", "criadoem": "1953-04-25", "comprimento": 4.909, "curvas": 17, "foto": "https://upload.wikimedia.org/wikipedia/commons/thumb/2/22/Imola_2009.svg/1920px-Imola_2009.svg.png"}}, {"model": "brTalkingformula.circuito", "pk": 5, "fields": {"nome": "Miami International Autodrome", "criadoem": "2022-05-06", "comprimento": 5.41, "curvas": 19, "foto": "https://upload.wikimedia.org/wikipedia/commons/thumb/4/49/Hard_Rock_Stadium_Circuit_2022.svg/1920px-Hard_Rock_Stadium_Circuit_2022.svg.png"}}, {"model": "brTalkingformula.circuito", "pk": 6, "fields": {"nome": "Circuit de Barcelona-Catalunya", "criadoem": "1991-09-10", "comprimento": 4.665, "curvas": 16, "foto": "https://a.espncdn.com/i/venues/f1/day/238.svg"}}, {"model": "brTalkingformula.circuito", "pk": 7, "fields": {"nome": "Circuit de Monaco", "criadoem": "1929-12-14", "comprimento": 3.337, "curvas": 19, "foto": "https://a.espncdn.com/i/venues/f1/day/255.svg"}}, {"model": "brTalkingformula.circuito", "pk": 8, "fields": {"nome": "Baku City Circuit", "criadoem": "2016-06-17", "comprimento": 6.003, "curvas": 20, "foto": "https://a.espncdn.com/i/venues/f1/day/402.svg"}}, {"model": "brTalkingformula.circuito", "pk": 9, "fields": {"nome": "Circuit Gilles-Villeneuve", "criadoem": "1978-10-06", "comprimento": 4.361, "curvas": 14, "foto": "https://a.espncdn.com/i/venues/f1/day/51.svg"}}, {"model": "brTalkingformula.circuito", "pk": 10, "fields": {"nome": "Silverstone Circuit", "criadoem": "1978-10-06", "comprimento": 4.361, "curvas": 14, "foto": "https://a.espncdn.com/i/venues/f1/day/51.svg"}}, {"model": "brTalkingformula.circuito", "pk": 11, "fields": {"nome": "Shanghai International Circuit", "criadoem": "2004-09-26", "comprimento": 5451.0, "curvas": 16, "foto": "shanghai_international_circuit.jpg"}}, {"model": "brTalkingformula.circuito", "pk": 12, "fields": {"nome": "Circuit de Barcelona-Catalunya", "criadoem": "1991-09-10", "comprimento": 4655.0, "curvas": 16, "foto": "circuit_de_barcelona-catalunya.jpg"}}, {"model": "brTalkingformula.comentario", "pk": 2, "fields": {"nome": "Diogo Goncalves", "corpo": "Grande Piloto!!!", "criadoem": "2023-01-01", "username": "diogogonc", "noticia_noticiaid": 4}}, {"model": "brTalkingformula.comentario", "pk": 3, "fields": {"nome": "Craquezão", "corpo": "Craque!!!", "criadoem": "2023-01-01", "username": "diogogonc", "noticia_noticiaid": 4}}, {"model": "brTalkingformula.comentario", "pk": 4, "fields": {"nome": "Charles Leclearc FAN", "corpo": "Vamos nessaaaaa! Bora Ferrari, grand maquina!", "criadoem": "2023-01-01", "username": "charlsfan1", "noticia_noticiaid": 4}}, {"model": "brTalkingformula.comentario", "pk": 5, "fields": {"nome": "Maria Cruz", "corpo": "Top Xuxa! A mercedes emerge ainda mais contente depois deste ENORME problema 😆", "criadoem": "2023-01-01", "username": "cruzetas", "noticia_noticiaid": 3}}, {"model": "brTalkingformula.comentario", "pk": 8, "fields": {"nome": "Goncalo Biltes", "corpo": "Voa! Bora lá conquistar o troféu!", "criadoem": "2023-01-01", "username": "goncbilt", "noticia_noticiaid": 1}}, {"model": "brTalkingformula.construtor", "pk": 1, "fields": {"nome": "Red Bull Racing", "nacionalidade": "Milton Keynes, Reino Unido", "logo": "https://www.formula1.com/content/fom-website/en/teams/Red-Bull-Racing/_jcr_content/logo.img.jpg/1645620474276.jpg", "criadoem": "2004-01-01"}}, {"model": "brTalkingformula.construtor", "pk": 2, "fields": {"nome": "Mercedes-AMG Formula One Team", "nacionalidade": "Brackley, Reino Unido", "logo": "https://www.formula1.com/content/fom-website/en/teams/Mercedes/_jcr_content/logo.img.jpg/1582638425211.jpg", "criadoem": "1970-01-01"}}, {"model": "brTalkingformula.construtor", "pk": 3, "fields": {"nome": "Scuderia Ferrari", "nacionalidade": "Maranello, Itália", "logo": "https://www.formula1.com/content/fom-website/en/teams/Ferrari/_jcr_content/logo.img.jpg/1521797474166.jpg", "criadoem": "1950-01-01"}}, {"model": "brTalkingformula.corrida", "pk": 1, "fields": {"nome": "Gulf Air Bahrain GP\n", "voltas": 57, "ocorreem": "2022-03-20", "horas": "21:30", "temperatura": 29, "temperaturacircuito": 49, "precipitacao": 0, "humidade": 10, "exposicaosolar": 0, "epoca_ano": 2022, "circuito_circuitoid": 1}}, {"model": "brTalkingformula.corrida", "pk": 2, "fields": {"nome": "STC Saudi Arabian GP", "voltas": 57, "ocorreem": "2022-03-27", "horas": "21:30", "temperatura": 31, "temperaturacircuito": 48, "precipitacao": 0, "humidade": 14, "exposicaosolar": 0, "epoca_ano": 2022, "circuito_circuitoid": 2}}, {"model": "brTalkingformula.corrida", "pk": 3, "fields": {"nome": "Heineken Australian GP", "voltas": 58, "ocorreem": "2022-04-10", "horas": "06:00", "temperatura": 22, "temperaturacircuito": 40, "precipitacao": 0, "humidade": 33, "exposicaosolar": 38, "epoca_ano": 2022, "circuito_circuitoid": 3}}, {"model": "brTalkingformula.corrida", "pk": 4, "fields": {"nome": "Rolex Emilia Romagna GP", "voltas": 62, "ocorreem": "2022-04-24", "horas": "14:00", "temperatura": 25, "temperaturacircuito": 51, "precipitacao": 0, "humidade": 13, "exposicaosolar": 57, "epoca_ano": 2022, "circuito_circuitoid": 4}}, {"model": "brTalkingformula.corrida", "pk": 5, "fields": {"nome": "Crypto.com Miami GP", "voltas": 57, "ocorreem": "2022-05-08", "horas": "20:30", "temperatura": 25, "temperaturacircuito": 43, "precipitacao": 0, "humidade": 13, "exposicaosolar": 55, "epoca_ano": 2022, "circuito_circuitoid": 5}}, {"model": "brTalkingformula.corrida", "pk": 6, "fields": {"nome": "Pirelli Spanish GP", "voltas": 62, "ocorreem": "2022-05-22", "horas": "14:00", "temperatura": 35, "temperaturacircuito": 55, "precipitacao": 0, "humidade": 9, "exposicaosolar": 70, "epoca_ano": 2022, "circuito_circuitoid": 6}}, {"model": "brTalkingformula.corrida", "pk": 7, "fields": {"nome": "Monaco GP", "voltas": 64, "ocorreem": "2022-05-29", "horas": "14:00", "temperatura": 20, "temperaturacircuito": 40, "precipitacao": 38, "humidade": 60, "exposicaosolar": 7, "epoca_ano": 2022, "circuito_circuitoid": 7}}, {"model": "brTalkingformula.corrida", "pk": 8, "fields": {"nome": "Azerbaijão GP", "voltas": 51, "ocorreem": "2022-06-12", "horas": "21:00", "temperatura": 30, "temperaturacircuito": 48, "precipitacao": 0, "humidade": 12, "exposicaosolar": 0, "epoca_ano": 2022, "circuito_circuitoid": 8}}, {"model": "brTalkingformula.djangoadminlog", "pk": 1, "fields": {"action_time": "2022-12-23T16:47:09.537Z", "object_id": "1", "object_repr": "Resultados object (1)", "action_flag": 1, "change_message": "[{\"added\": {}}]", "content_type": 15, "user": 1}}, {"model": "brTalkingformula.djangoadminlog", "pk": 2, "fields": {"action_time": "2022-12-23T16:47:39.404Z", "object_id": "2", "object_repr": "Resultados object (2)", "action_flag": 1, "change_message": "[{\"added\": {}}]", "content_type": 15, "user": 1}}, {"model": "brTalkingformula.djangoadminlog", "pk": 3, "fields": {"action_time": "2022-12-23T16:48:20.006Z", "object_id": "3", "object_repr": "Resultados object (3)", "action_flag": 1, "change_message": "[{\"added\": {}}]", "content_type": 15, "user": 1}}, {"model": "brTalkingformula.djangoadminlog", "pk": 4, "fields": {"action_time": "2022-12-23T16:48:50.844Z", "object_id": "2", "object_repr": "Resultados object (2)", "action_flag": 2, "change_message": "[]", "content_type": 15, "user": 1}}, {"model": "brTalkingformula.djangoadminlog", "pk": 5, "fields": {"action_time": "2022-12-23T17:22:29.787Z", "object_id": "4", "object_repr": "Resultados object (4)", "action_flag": 1, "change_message": "[{\"added\": {}}]", "content_type": 15, "user": 1}}, {"model": "brTalkingformula.djangoadminlog", "pk": 6, "fields": {"action_time": "2022-12-23T17:22:59.523Z", "object_id": "5", "object_repr": "Resultados object (5)", "action_flag": 1, "change_message": "[{\"added\": {}}]", "content_type": 15, "user": 1}}, {"model": "brTalkingformula.djangoadminlog", "pk": 7, "fields": {"action_time": "2022-12-23T17:24:55.024Z", "object_id": "4", "object_repr": "Resultados object (4)", "action_flag": 2, "change_message": "[]", "content_type": 15, "user": 1}}, {"model": "brTalkingformula.djangoadminlog", "pk": 8, "fields": {"action_time": "2022-12-25T19:35:23.461Z", "object_id": "5", "object_repr": "Resultados object (5)", "action_flag": 2, "change_message": "[{\"changed\": {\"fields\": [\"Corrida ronda\", \"Piloto pilotoid\"]}}]", "content_type": 15, "user": 1}}, {"model": "brTalkingformula.djangoadminlog", "pk": 9, "fields": {"action_time": "2022-12-25T19:35:33.724Z", "object_id": "4", "object_repr": "Resultados object (4)", "action_flag": 2, "change_message": "[{\"changed\": {\"fields\": [\"Corrida ronda\", \"Piloto pilotoid\"]}}]", "content_type": 15, "user": 1}}, {"model": "brTalkingformula.djangoadminlog", "pk": 10, "fields": {"action_time": "2022-12-25T19:36:09.488Z", "object_id": "3", "object_repr": "Resultados object (3)", "action_flag": 2, "change_message": "[]", "content_type": 15, "user": 1}}, {"model": "brTalkingformula.djangoadminlog", "pk": 11, "fields": {"action_time": "2022-12-28T22:46:05.414Z", "object_id": "3", "object_repr": "Comentado por Diogo Goncalves a 2022-12-28", "action_flag": 1, "change_message": "[{\"added\": {}}]", "content_type": 8, "user": 1}}, {"model": "brTalkingformula.djangoadminlog", "pk": 12, "fields": {"action_time": "2022-12-28T23:18:15.087Z", "object_id": "46", "object_repr": "Sebastian Vettel é 6 na corrida Baku City Circuit da epoca 2022", "action_flag": 2, "change_message": "[{\"changed\": {\"fields\": [\"Piloto pilotoid\"]}}]", "content_type": 15, "user": 1}}, {"model": "brTalkingformula.djangoadminlog", "pk": 13, "fields": {"action_time": "2022-12-29T11:08:48.682Z", "object_id": "4", "object_repr": "George Russel é 7 na corrida Bahrain International Circuit da epoca 2022", "action_flag": 2, "change_message": "[{\"changed\": {\"fields\": [\"Posfinal\", \"Tempototal\", \"Voltarapida\"]}}]", "content_type": 15, "user": 1}}, {"model": "brTalkingformula.djangoadminlog", "pk": 14, "fields": {"action_time": "2022-12-30T00:02:20.615Z", "object_id": "1", "object_repr": "Lewis Hamilton vence GP de Monza publicado a 2022-03-11", "action_flag": 2, "change_message": "[{\"changed\": {\"fields\": [\"Criadoem\"]}}]", "content_type": 13, "user": 1}}, {"model": "brTalkingformula.djangoadminlog", "pk": 15, "fields": {"action_time": "2022-12-30T00:02:35.795Z", "object_id": "3", "object_repr": "Ferrari sofre com problemas técnicos em Spa publicado a 2022-04-12", "action_flag": 2, "change_message": "[{\"changed\": {\"fields\": [\"Criadoem\"]}}]", "content_type": 13, "user": 1}}, {"model": "brTalkingformula.djangoadminlog", "pk": 16, "fields": {"action_time": "2022-12-30T00:03:49.797Z", "object_id": "4", "object_repr": "Charles Leclerc vence Grande Prémio da Azerbaijan publicado a 2022-06-06", "action_flag": 2, "change_message": "[{\"changed\": {\"fields\": [\"Foto\"]}}]", "content_type": 13, "user": 1}}, {"model": "brTalkingformula.djangoadminlog", "pk": 17, "fields": {"action_time": "2022-12-30T01:08:51.997Z", "object_id": "13", "object_repr": "Comentado por Diogo Soares a 2022-12-28", "action_flag": 3, "change_message": "", "content_type": 8, "user": 1}}, {"model": "brTalkingformula.djangoadminlog", "pk": 18, "fields": {"action_time": "2022-12-30T01:08:52.043Z", "object_id": "10", "object_repr": "Comentado por Diogo Soares a 2022-12-28", "action_flag": 3, "change_message": "", "content_type": 8, "user": 1}}, {"model": "brTalkingformula.djangoadminlog", "pk": 19, "fields": {"action_time": "2022-12-30T01:08:52.087Z", "object_id": "9", "object_repr": "Comentado por Guilherme a 2022-12-28", "action_flag": 3, "change_message": "", "content_type": 8, "user": 1}}, {"model": "brTalkingformula.djangoadminlog", "pk": 20, "fields": {"action_time": "2022-12-30T01:08:52.130Z", "object_id": "7", "object_repr": "Comentado por Maria Miguel Cruz a 2022-12-28", "action_flag": 3, "change_message": "", "content_type": 8, "user": 1}}, {"model": "brTalkingformula.djangoadminlog", "pk": 21, "fields": {"action_time": "2022-12-30T01:08:52.173Z", "object_id": "20", "object_repr": "Comentado por a a 2022-12-30", "action_flag": 3, "change_message": "", "content_type": 8, "user": 1}}, {"model": "brTalkingformula.djangoadminlog", "pk": 22, "fields": {"action_time": "2022-12-30T01:08:52.222Z", "object_id": "19", "object_repr": "Comentado por asd a 2022-12-30", "action_flag": 3, "change_message": "", "content_type": 8, "user": 1}}, {"model": "brTalkingformula.djangoadminlog", "pk": 23, "fields": {"action_time": "2022-12-30T01:08:52.266Z", "object_id": "18", "object_repr": "Comentado por a a 2022-12-30", "action_flag": 3, "change_message": "", "content_type": 8, "user": 1}}, {"model": "brTalkingformula.djangoadminlog", "pk": 24, "fields": {"action_time": "2022-12-30T14:52:27.642Z", "object_id": "21", "object_repr": "Comentado por Charles Leclearc FAN #1 a 2022-12-30", "action_flag": 3, "change_message": "", "content_type": 8, "user": 1}}, {"model": "brTalkingformula.djangoadminlog", "pk": 25, "fields": {"action_time": "2023-01-01T20:46:50.998Z", "object_id": "8", "object_repr": "Daniel Ricciardo", "action_flag": 1, "change_message": "[{\"added\": {}}]", "content_type": 14, "user": 1}}, {"model": "brTalkingformula.djangoadminlog", "pk": 26, "fields": {"action_time": "2023-01-01T21:09:12.313Z", "object_id": "14", "object_repr": "Comentado por Francisco Jorge a 2022-12-28", "action_flag": 3, "change_message": "", "content_type": 8, "user": 1}}, {"model": "brTalkingformula.djangoadminlog", "pk": 27, "fields": {"action_time": "2023-01-01T21:09:12.363Z", "object_id": "12", "object_repr": "Comentado por Diogo Soares a 2022-12-28", "action_flag": 3, "change_message": "", "content_type": 8, "user": 1}}, {"model": "brTalkingformula.djangoadminlog", "pk": 28, "fields": {"action_time": "2023-01-01T21:09:12.411Z", "object_id": "11", "object_repr": "Comentado por Guilherme a 2022-12-28", "action_flag": 3, "change_message": "", "content_type": 8, "user": 1}}, {"model": "brTalkingformula.djangoadminlog", "pk": 29, "fields": {"action_time": "2023-01-01T21:09:12.460Z", "object_id": "8", "object_repr": "Comentado por João Miguel a 2022-12-28", "action_flag": 3, "change_message": "", "content_type": 8, "user": 1}}, {"model": "brTalkingformula.djangoadminlog", "pk": 30, "fields": {"action_time": "2023-01-01T21:09:12.509Z", "object_id": "6", "object_repr": "Comentado por Maria Miguel Cruz a 2022-12-28", "action_flag": 3, "change_message": "", "content_type": 8, "user": 1}}, {"model": "brTalkingformula.djangoadminlog", "pk": 31, "fields": {"action_time": "2023-01-01T21:09:12.560Z", "object_id": "3", "object_repr": "Comentado por Diogo Goncalves a 2022-12-28", "action_flag": 3, "change_message": "", "content_type": 8, "user": 1}}, {"model": "brTalkingformula.djangoadminlog", "pk": 32, "fields": {"action_time": "2023-01-01T21:09:12.615Z", "object_id": "24", "object_repr": "Comentado por Gonçalo Biltes a 2022-12-30", "action_flag": 3, "change_message": "", "content_type": 8, "user": 1}}, {"model": "brTalkingformula.djangoadminlog", "pk": 33, "fields": {"action_time": "2023-01-01T21:09:12.668Z", "object_id": "23", "object_repr": "Comentado por Diogo Francisco a 2022-12-30", "action_flag": 3, "change_message": "", "content_type": 8, "user": 1}}, {"model": "brTalkingformula.djangoadminlog", "pk": 34, "fields": {"action_time": "2023-01-01T21:09:12.719Z", "object_id": "22", "object_repr": "Comentado por Charles Leclearc FAN #1 a 2022-12-30", "action_flag": 3, "change_message": "", "content_type": 8, "user": 1}}, {"model": "brTalkingformula.djangoadminlog", "pk": 35, "fields": {"action_time": "2023-01-01T21:09:12.771Z", "object_id": "25", "object_repr": "Comentado por Maria a 2022-12-31", "action_flag": 3, "change_message": "", "content_type": 8, "user": 1}}, {"model": "brTalkingformula.djangocontenttype", "pk": 1, "fields": {"app_label": "admin", "model": "logentry"}}, {"model": "brTalkingformula.djangocontenttype", "pk": 2, "fields": {"app_label": "auth", "model": "permission"}}, {"model": "brTalkingformula.djangocontenttype", "pk": 3, "fields": {"app_label": "auth", "model": "group"}}, {"model": "brTalkingformula.djangocontenttype", "pk": 4, "fields": {"app_label": "auth", "model": "user"}}, {"model": "brTalkingformula.djangocontenttype", "pk": 5, "fields": {"app_label": "contenttypes", "model": "contenttype"}}, {"model": "brTalkingformula.djangocontenttype", "pk": 6, "fields": {"app_label": "sessions", "model": "session"}}, {"model": "brTalkingformula.djangocontenttype", "pk": 7, "fields": {"app_label": "brTalkingformula", "model": "circuito"}}, {"model": "brTalkingformula.djangocontenttype", "pk": 8, "fields": {"app_label": "brTalkingformula", "model": "comentario"}}, {"model": "brTalkingformula.djangocontenttype", "pk": 9, "fields": {"app_label": "brTalkingformula", "model": "construtor"}}, {"model": "brTalkingformula.djangocontenttype", "pk": 10, "fields": {"app_label": "brTalkingformula", "model": "corrida"}}, {"model": "brTalkingformula.djangocontenttype", "pk": 11, "fields": {"app_label": "brTalkingformula", "model": "epoca"}}, {"model": "brTalkingformula.djangocontenttype", "pk": 12, "fields": {"app_label": "brTalkingformula", "model": "equipa"}}, {"model": "brTalkingformula.djangocontenttype", "pk": 13, "fields": {"app_label": "brTalkingformula", "model": "noticia"}}, {"model": "brTalkingformula.djangocontenttype", "pk": 14, "fields": {"app_label": "brTalkingformula", "model": "piloto"}}, {"model": "brTalkingformula.djangocontenttype", "pk": 15, "fields": {"app_label": "brTalkingformula", "model": "resultados"}}, {"model": "brTalkingformula.djangocontenttype", "pk": 16, "fields": {"app_label": "brTalkingformula", "model": "authgroup"}}, {"model": "brTalkingformula.djangocontenttype", "pk": 17, "fields": {"app_label": "brTalkingformula", "model": "authgrouppermissions"}}, {"model": "brTalkingformula.djangocontenttype", "pk": 18, "fields": {"app_label": "brTalkingformula", "model": "authpermission"}}, {"model": "brTalkingformula.djangocontenttype", "pk": 19, "fields": {"app_label": "brTalkingformula", "model": "authuser"}}, {"model": "brTalkingformula.djangocontenttype", "pk": 20, "fields": {"app_label": "brTalkingformula", "model": "authusergroups"}}, {"model": "brTalkingformula.djangocontenttype", "pk": 21, "fields": {"app_label": "brTalkingformula", "model": "authuseruserpermissions"}}, {"model": "brTalkingformula.djangocontenttype", "pk": 22, "fields": {"app_label": "brTalkingformula", "model": "djangoadminlog"}}, {"model": "brTalkingformula.djangocontenttype", "pk": 23, "fields": {"app_label": "brTalkingformula", "model": "djangocontenttype"}}, {"model": "brTalkingformula.djangocontenttype", "pk": 24, "fields": {"app_label": "brTalkingformula", "model": "djangomigrations"}}, {"model": "brTalkingformula.djangocontenttype", "pk": 25, "fields": {"app_label": "brTalkingformula", "model": "djangosession"}}, {"model": "brTalkingformula.djangocontenttype", "pk": 26, "fields": {"app_label": "brTalkingformula", "model": "pilotoequipa"}}, {"model": "brTalkingformula.djangocontenttype", "pk": 27, "fields": {"app_label": "brTalkingformula", "model": "resultadopontos"}}, {"model": "brTalkingformula.djangomigrations", "pk": 1, "fields": {"app": "contenttypes", "name": "0001_initial", "applied": "2022-12-23T16:04:10.399Z"}}, {"model": "brTalkingformula.djangomigrations", "pk": 2, "fields": {"app": "auth", "name": "0001_initial", "applied": "2022-12-23T16:04:11.960Z"}}, {"model": "brTalkingformula.djangomigrations", "pk": 3, "fields": {"app": "admin", "name": "0001_initial", "applied": "2022-12-23T16:04:12.399Z"}}, {"model": "brTalkingformula.djangomigrations", "pk": 4, "fields": {"app": "admin", "name": "0002_logentry_remove_auto_add", "applied": "2022-12-23T16:04:12.545Z"}}, {"model": "brTalkingformula.djangomigrations", "pk": 5, "fields": {"app": "admin", "name": "0003_logentry_add_action_flag_choices", "applied": "2022-12-23T16:04:12.740Z"}}, {"model": "brTalkingformula.djangomigrations", "pk": 6, "fields": {"app": "contenttypes", "name": "0002_remove_content_type_name", "applied": "2022-12-23T16:04:13.038Z"}}, {"model": "brTalkingformula.djangomigrations", "pk": 7, "fields": {"app": "auth", "name": "0002_alter_permission_name_max_length", "applied": "2022-12-23T16:04:13.271Z"}}, {"model": "brTalkingformula.djangomigrations", "pk": 8, "fields": {"app": "auth", "name": "0003_alter_user_email_max_length", "applied": "2022-12-23T16:04:13.503Z"}}, {"model": "brTalkingformula.djangomigrations", "pk": 9, "fields": {"app": "auth", "name": "0004_alter_user_username_opts", "applied": "2022-12-23T16:04:13.690Z"}}, {"model": "brTalkingformula.djangomigrations", "pk": 10, "fields": {"app": "auth", "name": "0005_alter_user_last_login_null", "applied": "2022-12-23T16:04:13.922Z"}}, {"model": "brTalkingformula.djangomigrations", "pk": 11, "fields": {"app": "auth", "name": "0006_require_contenttypes_0002", "applied": "2022-12-23T16:04:14.103Z"}}, {"model": "brTalkingformula.djangomigrations", "pk": 12, "fields": {"app": "auth", "name": "0007_alter_validators_add_error_messages", "applied": "2022-12-23T16:04:14.285Z"}}, {"model": "brTalkingformula.djangomigrations", "pk": 13, "fields": {"app": "auth", "name": "0008_alter_user_username_max_length", "applied": "2022-12-23T16:04:14.531Z"}}, {"model": "brTalkingformula.djangomigrations", "pk": 14, "fields": {"app": "auth", "name": "0009_alter_user_last_name_max_length", "applied": "2022-12-23T16:04:14.764Z"}}, {"model": "brTalkingformula.djangomigrations", "pk": 15, "fields": {"app": "auth", "name": "0010_alter_group_name_max_length", "applied": "2022-12-23T16:04:15.003Z"}}, {"model": "brTalkingformula.djangomigrations", "pk": 16, "fields": {"app": "auth", "name": "0011_update_proxy_permissions", "applied": "2022-12-23T16:04:15.192Z"}}, {"model": "brTalkingformula.djangomigrations", "pk": 17, "fields": {"app": "auth", "name": "0012_alter_user_first_name_max_length", "applied": "2022-12-23T16:04:15.428Z"}}, {"model": "brTalkingformula.djangomigrations", "pk": 18, "fields": {"app": "brTalkingformula", "name": "0001_initial", "applied": "2022-12-23T16:04:15.618Z"}}, {"model": "brTalkingformula.djangomigrations", "pk": 19, "fields": {"app": "brTalkingformula", "name": "0002_authgroup_authgrouppermissions_authpermission_and_more", "applied": "2022-12-23T16:04:15.808Z"}}, {"model": "brTalkingformula.djangomigrations", "pk": 20, "fields": {"app": "sessions", "name": "0001_initial", "applied": "2022-12-23T16:04:16.202Z"}}, {"model": "brTalkingformula.djangomigrations", "pk": 21, "fields": {"app": "brTalkingformula", "name": "0003_resultadopontos_alter_comentario_options_and_more", "applied": "2022-12-28T16:47:30.292Z"}}, {"model": "brTalkingformula.djangomigrations", "pk": 22, "fields": {"app": "brTalkingformula", "name": "0004_alter_noticia_options", "applied": "2022-12-28T17:17:45.755Z"}}, {"model": "brTalkingformula.djangomigrations", "pk": 23, "fields": {"app": "brTalkingformula", "name": "0005_alter_epoca_options_alter_resultados_options_and_more", "applied": "2022-12-30T00:27:28.078Z"}}, {"model": "brTalkingformula.djangosession", "pk": "2qhjsusucg7o3os21rec6x3h9r0l9ecv", "fields": {"session_data": ".eJxVjEEOgjAQRe_StWk6ZYa2Lt17hmaGAUFNSSisjHdXEha6_e-9_zKZt3XMW-2XPKk5GzCn3024e_RlB3rncpttN5d1mcTuij1otddZ--flcP8ORq7jtx4COfHgPUT1RAjOpTYgaiOgLgJz6kgEA9KgjBx9JAcB29gIBZ_M-wOpEDZD:1pC5Zj:ES98FMtObw_IXDF8pIM4DlcqDMXauYoHNBpAWkg2zaI", "expire_date": "2023-01-15T21:08:59.224Z"}}, {"model": "brTalkingformula.djangosession", "pk": "480hsrmwp2z8yki096a043srnd7l7j1h", "fields": {"session_data": ".eJxVjDsOwjAQBe_iGlnxb-OlpOcM0a4_OIBsKU4qxN0hUgpo38y8l5hoW8u09bRMcxRnocTpd2MKj1R3EO9Ub02GVtdlZrkr8qBdXltMz8vh_h0U6uVbw-AVIWFII5iMgMze5WytURwC6myGkRFGthqBGL0Dq030oIyzCp14fwDU2zbX:1pBHCw:beyFActwUeekbj96n3wOs5eSYN8-7xqFF43vgrQxzzs", "expire_date": "2023-01-13T15:22:06.419Z"}}, {"model": "brTalkingformula.djangosession", "pk": "57mmkbyuayg6ml1zmvozaem5lc1qsa2g", "fields": {"session_data": ".eJxVjMEOwiAQRP-FsyFAu0g9evcbyLIsUjWQlPZk_Hdp0oNe5jDvzbyFx23Nfmu8-DmKi9Di9NsFpCeXHcQHlnuVVMu6zEHuijxok7ca-XU93L-DjC33tYkKFZx1sgqHMQ5gEVKPITlwhhAMOR0Nm8Rsu0cpcFLThBBw5EDi8wXcmDiF:1pBHM2:HtKSSllW_9e_cFYPwiVF-TOGmI2EH3Weu5-A3jLmRl8", "expire_date": "2023-01-13T15:31:30.714Z"}}, {"model": "brTalkingformula.djangosession", "pk": "57tmo2ffabfa9ucohakmunb17ll21ct3", "fields": {"session_data": ".eJxVjDsOwjAQBe_iGll2_Isp6TmDtetd4wBypDipEHeHSCmgfTPzXiLBtta0dV7SROIstDj9bgj5wW0HdId2m2We27pMKHdFHrTL60z8vBzu30GFXr81BweoDARdPEe23pIJQ2QeTQ5QKGrFiEU7lR1oVuwGGjOhBV_QKC3eH_u_OLM:1pC4ql:05ssqz5FX9xKaeRWub1nrer-yOZJrsitGo3lo4AuStQ", "expire_date": "2023-01-15T20:22:31.007Z"}}, {"model": "brTalkingformula.djangosession", "pk": "l44j38x4eiuuiowcvjn2g8lr88m7feqx", "fields": {"session_data": ".eJxVjMsOwiAURP-FtSFSwQsu3fsNhPtAqgaS0q6M_26bdKHLmXNm3iqmZS5x6TLFkdVFGXX47TDRU-oG-JHqvWlqdZ5G1Juid9r1rbG8rrv7d1BSL-vaozVoJYuX4NihE8tkA63ZA1KAwbL3GQDFZToCmSwCEvxpOHMgVp8vESQ5LQ:1pB2qb:l21y8AH0o9GmFRqMQ3ZE7bkU7gtrMFOYPQ3qkkBNEDw", "expire_date": "2023-01-13T00:02:05.065Z"}}, {"model": "brTalkingformula.epoca", "pk": 2018, "fields": {}}, {"model": "brTalkingformula.epoca", "pk": 2019, "fields": {}}, {"model": "brTalkingformula.epoca", "pk": 2020, "fields": {}}, {"model": "brTalkingformula.epoca", "pk": 2021, "fields": {}}, {"model": "brTalkingformula.epoca", "pk": 2022, "fields": {}}, {"model": "brTalkingformula.equipa", "pk": 1, "fields": {"chefe": "Christian Horner", "chefetecnico": "Pierre Waché", "chassis": "RB18", "foto_carro": "https://img.redbull.com/images/c_fill,w_2880,h_1460,g_auto,f_auto,q_auto/redbullcom/2022/4/29/rts6bfco94systkflbvf/rb18-hero", "construtor_construtorid": 1, "epoca_ano": 2022}}, {"model": "brTalkingformula.equipa", "pk": 2, "fields": {"chefe": "Toto Wolff", "chefetecnico": "Mike Elliott", "chassis": "W13", "foto_carro": "https://cdn-1.motorsport.com/images/amp/2d1n8D5Y/s1000/formula-1-mercedes-launch-2022-2.jpg", "construtor_construtorid": 2, "epoca_ano": 2022}}, {"model": "brTalkingformula.equipa", "pk": 3, "fields": {"chefe": "Mattia Binotto", "chefetecnico": "Enrico Gualtieri", "chassis": "F1-75", "foto_carro": "https://www.razaoautomovel.com/wp-content/uploads/2022/03/Ferrari-F1-75-6.jpg", "construtor_construtorid": 3, "epoca_ano": 2022}}, {"model": "brTalkingformula.noticia", "pk": 1, "fields": {"titulo": "Lewis Hamilton vence GP de Monza", "corpo": "Lewis Hamilton conquistou a vitória no GP de Monza neste fim de semana, aumentando ainda mais sua vantagem na classificação do campeonato. O piloto da Mercedes fez uma corrida perfeita, largando na pole position e liderando de ponta a ponta. Com esta vitória, Hamilton chega a sua quinta vitória consecutiva na temporada e se aproxima cada vez mais do título de campeão mundial. A próxima etapa da Fórmula 1 será o GP da Rússia, que acontecerá no próximo fim de semana.", "foto": "https://www.jornaldocomercio.com/_midias/jpg/2018/09/02/000_18s91p-8459913.jpg", "criadoem": "2022-03-11"}}, {"model": "brTalkingformula.noticia", "pk": 3, "fields": {"titulo": "Ferrari sofre com problemas técnicos em Spa", "corpo": "A Ferrari teve um fim de semana complicado no GP de Spa, com os dois pilotos sofrendo com problemas técnicos durante a corrida. Charles Leclerc abandonou a prova ainda na primeira volta, enquanto Sebastian Vettel conseguiu terminar em 11º lugar. A equipe italiana vem enfrentando dificuldades para manter o ritmo das rivais Mercedes e Red Bull nas últimas corridas e precisa encontrar uma solução rapidamente se quiser se manter na briga pelo título.", "foto": "https://cdn-1.motorsport.com/images/amp/01WP74eY/s6/formula-1-belgian-gp-2022-char-2.jpg", "criadoem": "2022-04-12"}}, {"model": "brTalkingformula.noticia", "pk": 4, "fields": {"titulo": "Charles Leclerc vence Grande Prémio da Azerbaijan", "corpo": "A Fórmula 1 viveu um fim de semana emocionante no Grande Prémio da Azerbaijan, com Charles Leclerc a conquistar a vitória pela primeira vez este ano. O piloto da Ferrari liderou a corrida desde a partida, mas teve de enfrentar uma forte pressão de Max Verstappen, que terminou em segundo lugar. Sergio Perez completou o pódio em terceiro lugar, enquanto Lewis Hamilton, que partiu da pole position, acabou por abandonar a corrida devido a problemas técnicos...", "foto": "https://cdn-1.motorsport.com/images/amp/2eA7bLp2/s6/formula-1-azerbaijan-gp-2021-p-2.jpg", "criadoem": "2022-06-06"}}, {"model": "brTalkingformula.piloto", "pk": 1, "fields": {"nome": "Max Verstappen", "nacionalidade": "Paises Baixos", "nascimento": "1997-09-30", "foto": "https://www.formula1.com/content/fom-website/en/drivers/max-verstappen/jcr:content/image.img.1920.medium.jpg/1670841844162.jpg"}}, {"model": "brTalkingformula.piloto", "pk": 2, "fields": {"nome": "Sergio Perez", "nacionalidade": "México", "nascimento": "1990-01-26", "foto": "https://www.formula1.com/content/fom-website/en/drivers/sergio-perez/jcr:content/image.img.1920.medium.jpg/1669048529570.jpg"}}, {"model": "brTalkingformula.piloto", "pk": 3, "fields": {"nome": "Lewis Hamilton", "nacionalidade": "Reino Unido", "nascimento": "1985-01-07", "foto": "https://www.formula1.com/content/fom-website/en/drivers/lewis-hamilton/jcr:content/image.img.1920.medium.jpg/1647334259839.jpg"}}, {"model": "brTalkingformula.piloto", "pk": 4, "fields": {"nome": "George Russel", "nacionalidade": "Reino Unido", "nascimento": "1998-02-15", "foto": "https://www.formula1.com/content/fom-website/en/drivers/george-russell/jcr:content/image.img.1920.medium.jpg/1670253611700.jpg"}}, {"model": "brTalkingformula.piloto", "pk": 5, "fields": {"nome": "Michael Schumacher", "nacionalidade": "Alemanha", "nascimento": "1969-01-03", "foto": "https://prabook.com/web/show-photo-icon.jpg?id=1918771&width=220&cache=false"}}, {"model": "brTalkingformula.piloto", "pk": 6, "fields": {"nome": "Charles Leclerc", "nacionalidade": "Monaco", "nascimento": "1997-10-16", "foto": "https://www.formula1.com/content/fom-website/en/drivers/charles-leclerc/jcr:content/image.img.1920.medium.jpg/1670254511194.jpg"}}, {"model": "brTalkingformula.piloto", "pk": 7, "fields": {"nome": "Sebastian Vettel", "nacionalidade": "Germany", "nascimento": "1987-07-03", "foto": "https://cdn-7.motorsport.com/images/mgl/2jXZrAb6/s8/sebastian-vettel-aston-martin-1.jpg"}}, {"model": "brTalkingformula.piloto", "pk": 8, "fields": {"nome": "Daniel Ricciardo", "nacionalidade": "Austrália", "nascimento": "1989-07-01", "foto": "https://pt.wikipedia.org/wiki/Ficheiro:2021_US_GP,_Ricciardo.jpg"}}, {"model": "brTalkingformula.pilotoequipa", "pk": 1, "fields": {"equipa_equipaid": 1, "equipa_construtor_construtorid": 1}}, {"model": "brTalkingformula.pilotoequipa", "pk": 2, "fields": {"equipa_equipaid": 1, "equipa_construtor_construtorid": 1}}, {"model": "brTalkingformula.pilotoequipa", "pk": 3, "fields": {"equipa_equipaid": 2, "equipa_construtor_construtorid": 2}}, {"model": "brTalkingformula.pilotoequipa", "pk": 4, "fields": {"equipa_equipaid": 2, "equipa_construtor_construtorid": 2}}, {"model": "brTalkingformula.pilotoequipa", "pk": 6, "fields": {"equipa_equipaid": 3, "equipa_construtor_construtorid": 3}}, {"model": "brTalkingformula.resultados", "pk": 1, "fields": {"posinicio": 1, "tempototal": 125, "voltarapida": 12050, "posfinal": 2, "corrida_ronda": 4, "piloto_pilotoid": 1}}, {"model": "brTalkingformula.resultados", "pk": 2, "fields": {"posinicio": 3, "tempototal": 127, "voltarapida": 12100, "posfinal": 3, "corrida_ronda": 4, "piloto_pilotoid": 2}}, {"model": "brTalkingformula.resultados", "pk": 3, "fields": {"posinicio": 4, "tempototal": 129, "voltarapida": 12200, "posfinal": 6, "corrida_ronda": 4, "piloto_pilotoid": 3}}, {"model": "brTalkingformula.resultados", "pk": 4, "fields": {"posinicio": 7, "tempototal": 131, "voltarapida": 12300, "posfinal": 10, "corrida_ronda": 4, "piloto_pilotoid": 4}}, {"model": "brTalkingformula.resultados", "pk": 5, "fields": {"posinicio": 2, "tempototal": 124, "voltarapida": 11950, "posfinal": 1, "corrida_ronda": 4, "piloto_pilotoid": 6}}, {"model": "brTalkingformula.resultados", "pk": 6, "fields": {"posinicio": 5, "tempototal": 128, "voltarapida": 12150, "posfinal": 4, "corrida_ronda": 4, "piloto_pilotoid": 7}}, {"model": "brTalkingformula.resultados", "pk": 7, "fields": {"posinicio": 1, "tempototal": 126, "voltarapida": 12050, "posfinal": 2, "corrida_ronda": 5, "piloto_pilotoid": 1}}, {"model": "brTalkingformula.resultados", "pk": 8, "fields": {"posinicio": 3, "tempototal": 128, "voltarapida": 12100, "posfinal": 3, "corrida_ronda": 5, "piloto_pilotoid": 2}}, {"model": "brTalkingformula.resultados", "pk": 9, "fields": {"posinicio": 4, "tempototal": 130, "voltarapida": 12200, "posfinal": 6, "corrida_ronda": 5, "piloto_pilotoid": 3}}, {"model": "brTalkingformula.resultados", "pk": 10, "fields": {"posinicio": 7, "tempototal": 132, "voltarapida": 12300, "posfinal": 10, "corrida_ronda": 5, "piloto_pilotoid": 4}}, {"model": "brTalkingformula.resultados", "pk": 11, "fields": {"posinicio": 2, "tempototal": 125, "voltarapida": 11950, "posfinal": 1, "corrida_ronda": 5, "piloto_pilotoid": 6}}, {"model": "brTalkingformula.resultados", "pk": 12, "fields": {"posinicio": 5, "tempototal": 129, "voltarapida": 12150, "posfinal": 4, "corrida_ronda": 5, "piloto_pilotoid": 7}}, {"model": "brTalkingformula.resultados", "pk": 13, "fields": {"posinicio": 1, "tempototal": 127, "voltarapida": 12050, "posfinal": 2, "corrida_ronda": 6, "piloto_pilotoid": 1}}, {"model": "brTalkingformula.resultados", "pk": 14, "fields": {"posinicio": 3, "tempototal": 129, "voltarapida": 12100, "posfinal": 3, "corrida_ronda": 6, "piloto_pilotoid": 2}}, {"model": "brTalkingformula.resultados", "pk": 15, "fields": {"posinicio": 4, "tempototal": 131, "voltarapida": 12200, "posfinal": 6, "corrida_ronda": 6, "piloto_pilotoid": 3}}, {"model": "brTalkingformula.resultados", "pk": 16, "fields": {"posinicio": 7, "tempototal": 133, "voltarapida": 12300, "posfinal": 10, "corrida_ronda": 6, "piloto_pilotoid": 4}}, {"model": "brTalkingformula.resultados", "pk": 17, "fields": {"posinicio": 2, "tempototal": 126, "voltarapida": 11950, "posfinal": 1, "corrida_ronda": 6, "piloto_pilotoid": 6}}, {"model": "brTalkingformula.resultados", "pk": 18, "fields": {"posinicio": 5, "tempototal": 130, "voltarapida": 12150, "posfinal": 4, "corrida_ronda": 6, "piloto_pilotoid": 7}}, {"model": "brTalkingformula.resultados", "pk": 19, "fields": {"posinicio": 1, "tempototal": 128, "voltarapida": 12050, "posfinal": 2, "corrida_ronda": 7, "piloto_pilotoid": 1}}, {"model": "brTalkingformula.resultados", "pk": 20, "fields": {"posinicio": 3, "tempototal": 130, "voltarapida": 12100, "posfinal": 3, "corrida_ronda": 7, "piloto_pilotoid": 2}}, {"model": "brTalkingformula.resultados", "pk": 21, "fields": {"posinicio": 4, "tempototal": 132, "voltarapida": 12200, "posfinal": 6, "corrida_ronda": 7, "piloto_pilotoid": 3}}, {"model": "brTalkingformula.resultados", "pk": 22, "fields": {"posinicio": 7, "tempototal": 134, "voltarapida": 12300, "posfinal": 10, "corrida_ronda": 7, "piloto_pilotoid": 4}}, {"model": "brTalkingformula.resultados", "pk": 23, "fields": {"posinicio": 2, "tempototal": 127, "voltarapida": 11950, "posfinal": 1, "corrida_ronda": 7, "piloto_pilotoid": 6}}, {"model": "brTalkingformula.resultados", "pk": 24, "fields": {"posinicio": 5, "tempototal": 131, "voltarapida": 12150, "posfinal": 4, "corrida_ronda": 7, "piloto_pilotoid": 7}}, {"model": "brTalkingformula.resultados", "pk": 25, "fields": {"posinicio": 1, "tempototal": 129, "voltarapida": 12050, "posfinal": 2, "corrida_ronda": 8, "piloto_pilotoid": 1}}, {"model": "brTalkingformula.resultados", "pk": 26, "fields": {"posinicio": 3, "tempototal": 131, "voltarapida": 12100, "posfinal": 3, "corrida_ronda": 8, "piloto_pilotoid": 2}}, {"model": "brTalkingformula.resultados", "pk": 27, "fields": {"posinicio": 4, "tempototal": 133, "voltarapida": 12200, "posfinal": 6, "corrida_ronda": 8, "piloto_pilotoid": 3}}, {"model": "brTalkingformula.resultados", "pk": 28, "fields": {"posinicio": 7, "tempototal": 135, "voltarapida": 12300, "posfinal": 10, "corrida_ronda": 8, "piloto_pilotoid": 4}}, {"model": "brTalkingformula.resultados", "pk": 29, "fields": {"posinicio": 2, "tempototal": 128, "voltarapida": 11950, "posfinal": 1, "corrida_ronda": 8, "piloto_pilotoid": 6}}, {"model": "brTalkingformula.resultados", "pk": 30, "fields": {"posinicio": 5, "tempototal": 132, "voltarapida": 12150, "posfinal": 4, "corrida_ronda": 8, "piloto_pilotoid": 7}}, {"model": "brTalkingformula.resultados", "pk": 31, "fields": {"posinicio": 1, "tempototal": 126, "voltarapida": 12050, "posfinal": 2, "corrida_ronda": 1, "piloto_pilotoid": 1}}, {"model": "brTalkingformula.resultados", "pk": 32, "fields": {"posinicio": 3, "tempototal": 128, "voltarapida": 12100, "posfinal": 3, "corrida_ronda": 1, "piloto_pilotoid": 2}}, {"model": "brTalkingformula.resultados", "pk": 33, "fields": {"posinicio": 4, "tempototal": 130, "voltarapida": 12200, "posfinal": 6, "corrida_ronda": 1, "piloto_pilotoid": 3}}, {"model": "brTalkingformula.resultados", "pk": 34, "fields": {"posinicio": 7, "tempototal": 132, "voltarapida": 12300, "posfinal": 10, "corrida_ronda": 1, "piloto_pilotoid": 4}}, {"model": "brTalkingformula.resultados", "pk": 35, "fields": {"posinicio": 2, "tempototal": 125, "voltarapida": 11950, "posfinal": 1, "corrida_ronda": 1, "piloto_pilotoid": 6}}, {"model": "brTalkingformula.resultados", "pk": 36, "fields": {"posinicio": 5, "tempototal": 129, "voltarapida": 12150, "posfinal": 4, "corrida_ronda": 1, "piloto_pilotoid": 7}}, {"model": "brTalkingformula.resultados", "pk": 37, "fields": {"posinicio": 1, "tempototal": 127, "voltarapida": 12050, "posfinal": 2, "corrida_ronda": 2, "piloto_pilotoid": 1}}, {"model": "brTalkingformula.resultados", "pk": 38, "fields": {"posinicio": 3, "tempototal": 129, "voltarapida": 12100, "posfinal": 3, "corrida_ronda": 2, "piloto_pilotoid": 2}}, {"model": "brTalkingformula.resultados", "pk": 39, "fields": {"posinicio": 4, "tempototal": 131, "voltarapida": 12200, "posfinal": 6, "corrida_ronda": 2, "piloto_pilotoid": 3}}, {"model": "brTalkingformula.resultados", "pk": 40, "fields": {"posinicio": 7, "tempototal": 133, "voltarapida": 12300, "posfinal": 10, "corrida_ronda": 2, "piloto_pilotoid": 4}}, {"model": "brTalkingformula.resultados", "pk": 41, "fields": {"posinicio": 2, "tempototal": 126, "voltarapida": 11950, "posfinal": 1, "corrida_ronda": 2, "piloto_pilotoid": 6}}, {"model": "brTalkingformula.resultados", "pk": 42, "fields": {"posinicio": 5, "tempototal": 130, "voltarapida": 12150, "posfinal": 4, "corrida_ronda": 2, "piloto_pilotoid": 7}}, {"model": "brTalkingformula.resultados", "pk": 43, "fields": {"posinicio": 1, "tempototal": 128, "voltarapida": 12050, "posfinal": 2, "corrida_ronda": 3, "piloto_pilotoid": 1}}, {"model": "brTalkingformula.resultados", "pk": 44, "fields": {"posinicio": 3, "tempototal": 130, "voltarapida": 12100, "posfinal": 3, "corrida_ronda": 3, "piloto_pilotoid": 2}}, {"model": "brTalkingformula.resultados", "pk": 45, "fields": {"posinicio": 4, "tempototal": 132, "voltarapida": 12200, "posfinal": 6, "corrida_ronda": 3, "piloto_pilotoid": 3}}, {"model": "brTalkingformula.resultados", "pk": 46, "fields": {"posinicio": 7, "tempototal": 134, "voltarapida": 12300, "posfinal": 10, "corrida_ronda": 3, "piloto_pilotoid": 4}}, {"model": "brTalkingformula.resultados", "pk": 47, "fields": {"posinicio": 2, "tempototal": 127, "voltarapida": 11950, "posfinal": 1, "corrida_ronda": 3, "piloto_pilotoid": 6}}, {"model": "brTalkingformula.resultados", "pk": 48, "fields": {"posinicio": 5, "tempototal": 131, "voltarapida": 12150, "posfinal": 4, "corrida_ronda": 3, "piloto_pilotoid": 7}}, {"model": "brTalkingformula.resultadopontos", "pk": 1, "fields": {"pontos": 25}}, {"model": "brTalkingformula.resultadopontos", "pk": 2, "fields": {"pontos": 18}}, {"model": "brTalkingformula.resultadopontos", "pk": 3, "fields": {"pontos": 15}}, {"model": "brTalkingformula.resultadopontos", "pk": 4, "fields": {"pontos": 12}}, {"model": "brTalkingformula.resultadopontos", "pk": 5, "fields": {"pontos": 10}}, {"model": "brTalkingformula.resultadopontos", "pk": 6, "fields": {"pontos": 8}}, {"model": "brTalkingformula.resultadopontos", "pk": 7, "fields": {"pontos": 6}}, {"model": "brTalkingformula.resultadopontos", "pk": 8, "fields": {"pontos": 4}}, {"model": "brTalkingformula.resultadopontos", "pk": 9, "fields": {"pontos": 2}}, {"model": "brTalkingformula.resultadopontos", "pk": 10, "fields": {"pontos": 1}}, {"model": "brTalkingformula.resultadopontos", "pk": 11, "fields": {"pontos": 0}}, {"model": "brTalkingformula.resultadopontos", "pk": 12, "fields": {"pontos": 0}}, {"model": "brTalkingformula.resultadopontos", "pk": 13, "fields": {"pontos": 0}}, {"model": "brTalkingformula.resultadopontos", "pk": 14, "fields": {"pontos": 0}}, {"model": "brTalkingformula.resultadopontos", "pk": 15, "fields": {"pontos": 0}}, {"model": "brTalkingformula.resultadopontos", "pk": 16, "fields": {"pontos": 0}}, {"model": "brTalkingformula.resultadopontos", "pk": 17, "fields": {"pontos": 0}}, {"model": "brTalkingformula.resultadopontos", "pk": 18, "fields": {"pontos": 0}}, {"model": "brTalkingformula.resultadopontos", "pk": 19, "fields": {"pontos": 0}}, {"model": "brTalkingformula.resultadopontos", "pk": 20, "fields": {"pontos": 0}}]