--
-- PostgreSQL database dump
--

-- Dumped from database version 14.3
-- Dumped by pg_dump version 14.5

-- Started on 2023-01-02 00:06:17 WET

SET statement_timeout = 0;
SET lock_timeout = 0;
SET idle_in_transaction_session_timeout = 0;
SET client_encoding = 'UTF8';
SET standard_conforming_strings = on;
SELECT pg_catalog.set_config('search_path', '', false);
SET check_function_bodies = false;
SET xmloption = content;
SET client_min_messages = warning;
SET row_security = off;

--
-- TOC entry 4517 (class 1262 OID 16402)
-- Name: talkingformuladb; Type: DATABASE; Schema: -; Owner: postgres
--


SET statement_timeout = 0;
SET lock_timeout = 0;
SET idle_in_transaction_session_timeout = 0;
SET client_encoding = 'UTF8';
SET standard_conforming_strings = on;
SELECT pg_catalog.set_config('search_path', '', false);
SET check_function_bodies = false;
SET xmloption = content;
SET client_min_messages = warning;
SET row_security = off;

SET default_tablespace = '';

SET default_table_access_method = heap;

--
-- TOC entry 230 (class 1259 OID 16602)
-- Name: auth_group; Type: TABLE; Schema: public; Owner: postgres
--

CREATE TABLE public.auth_group (
    id integer NOT NULL,
    name character varying(150) NOT NULL
);


ALTER TABLE public.auth_group OWNER TO postgres;

--
-- TOC entry 229 (class 1259 OID 16601)
-- Name: auth_group_id_seq; Type: SEQUENCE; Schema: public; Owner: postgres
--

ALTER TABLE public.auth_group ALTER COLUMN id ADD GENERATED BY DEFAULT AS IDENTITY (
    SEQUENCE NAME public.auth_group_id_seq
    START WITH 1
    INCREMENT BY 1
    NO MINVALUE
    NO MAXVALUE
    CACHE 1
);


--
-- TOC entry 232 (class 1259 OID 16610)
-- Name: auth_group_permissions; Type: TABLE; Schema: public; Owner: postgres
--

CREATE TABLE public.auth_group_permissions (
    id bigint NOT NULL,
    group_id integer NOT NULL,
    permission_id integer NOT NULL
);


ALTER TABLE public.auth_group_permissions OWNER TO postgres;

--
-- TOC entry 231 (class 1259 OID 16609)
-- Name: auth_group_permissions_id_seq; Type: SEQUENCE; Schema: public; Owner: postgres
--

ALTER TABLE public.auth_group_permissions ALTER COLUMN id ADD GENERATED BY DEFAULT AS IDENTITY (
    SEQUENCE NAME public.auth_group_permissions_id_seq
    START WITH 1
    INCREMENT BY 1
    NO MINVALUE
    NO MAXVALUE
    CACHE 1
);


--
-- TOC entry 228 (class 1259 OID 16596)
-- Name: auth_permission; Type: TABLE; Schema: public; Owner: postgres
--

CREATE TABLE public.auth_permission (
    id integer NOT NULL,
    name character varying(255) NOT NULL,
    content_type_id integer NOT NULL,
    codename character varying(100) NOT NULL
);


ALTER TABLE public.auth_permission OWNER TO postgres;

--
-- TOC entry 227 (class 1259 OID 16595)
-- Name: auth_permission_id_seq; Type: SEQUENCE; Schema: public; Owner: postgres
--

ALTER TABLE public.auth_permission ALTER COLUMN id ADD GENERATED BY DEFAULT AS IDENTITY (
    SEQUENCE NAME public.auth_permission_id_seq
    START WITH 1
    INCREMENT BY 1
    NO MINVALUE
    NO MAXVALUE
    CACHE 1
);


--
-- TOC entry 234 (class 1259 OID 16616)
-- Name: auth_user; Type: TABLE; Schema: public; Owner: postgres
--

CREATE TABLE public.auth_user (
    id integer NOT NULL,
    password character varying(128) NOT NULL,
    last_login timestamp with time zone,
    is_superuser boolean NOT NULL,
    username character varying(150) NOT NULL,
    first_name character varying(150) NOT NULL,
    last_name character varying(150) NOT NULL,
    email character varying(254) NOT NULL,
    is_staff boolean NOT NULL,
    is_active boolean NOT NULL,
    date_joined timestamp with time zone NOT NULL
);


ALTER TABLE public.auth_user OWNER TO postgres;

--
-- TOC entry 236 (class 1259 OID 16624)
-- Name: auth_user_groups; Type: TABLE; Schema: public; Owner: postgres
--

CREATE TABLE public.auth_user_groups (
    id bigint NOT NULL,
    user_id integer NOT NULL,
    group_id integer NOT NULL
);


ALTER TABLE public.auth_user_groups OWNER TO postgres;

--
-- TOC entry 235 (class 1259 OID 16623)
-- Name: auth_user_groups_id_seq; Type: SEQUENCE; Schema: public; Owner: postgres
--

ALTER TABLE public.auth_user_groups ALTER COLUMN id ADD GENERATED BY DEFAULT AS IDENTITY (
    SEQUENCE NAME public.auth_user_groups_id_seq
    START WITH 1
    INCREMENT BY 1
    NO MINVALUE
    NO MAXVALUE
    CACHE 1
);


--
-- TOC entry 233 (class 1259 OID 16615)
-- Name: auth_user_id_seq; Type: SEQUENCE; Schema: public; Owner: postgres
--

ALTER TABLE public.auth_user ALTER COLUMN id ADD GENERATED BY DEFAULT AS IDENTITY (
    SEQUENCE NAME public.auth_user_id_seq
    START WITH 1
    INCREMENT BY 1
    NO MINVALUE
    NO MAXVALUE
    CACHE 1
);


--
-- TOC entry 238 (class 1259 OID 16630)
-- Name: auth_user_user_permissions; Type: TABLE; Schema: public; Owner: postgres
--

CREATE TABLE public.auth_user_user_permissions (
    id bigint NOT NULL,
    user_id integer NOT NULL,
    permission_id integer NOT NULL
);


ALTER TABLE public.auth_user_user_permissions OWNER TO postgres;

--
-- TOC entry 237 (class 1259 OID 16629)
-- Name: auth_user_user_permissions_id_seq; Type: SEQUENCE; Schema: public; Owner: postgres
--

ALTER TABLE public.auth_user_user_permissions ALTER COLUMN id ADD GENERATED BY DEFAULT AS IDENTITY (
    SEQUENCE NAME public.auth_user_user_permissions_id_seq
    START WITH 1
    INCREMENT BY 1
    NO MINVALUE
    NO MAXVALUE
    CACHE 1
);


--
-- TOC entry 216 (class 1259 OID 16456)
-- Name: circuito; Type: TABLE; Schema: public; Owner: postgres
--

CREATE TABLE public.circuito (
    circuitoid integer NOT NULL,
    nome character varying(512),
    criadoem date,
    comprimento double precision,
    curvas integer,
    foto character varying(512)
);


ALTER TABLE public.circuito OWNER TO postgres;

--
-- TOC entry 215 (class 1259 OID 16455)
-- Name: circuito_circuitoid_seq; Type: SEQUENCE; Schema: public; Owner: postgres
--

CREATE SEQUENCE public.circuito_circuitoid_seq
    AS integer
    START WITH 1
    INCREMENT BY 1
    NO MINVALUE
    NO MAXVALUE
    CACHE 1;


ALTER TABLE public.circuito_circuitoid_seq OWNER TO postgres;

--
-- TOC entry 4519 (class 0 OID 0)
-- Dependencies: 215
-- Name: circuito_circuitoid_seq; Type: SEQUENCE OWNED BY; Schema: public; Owner: postgres
--

ALTER SEQUENCE public.circuito_circuitoid_seq OWNED BY public.circuito.circuitoid;


--
-- TOC entry 249 (class 1259 OID 16847)
-- Name: comentario; Type: TABLE; Schema: public; Owner: postgres
--

CREATE TABLE public.comentario (
    comentarioid integer NOT NULL,
    nome character varying(80) NOT NULL,
    corpo character varying(2000) NOT NULL,
    criadoem date NOT NULL,
    username character varying(20) NOT NULL,
    noticia_noticiaid integer NOT NULL
);


ALTER TABLE public.comentario OWNER TO postgres;

--
-- TOC entry 248 (class 1259 OID 16846)
-- Name: comentario_comentarioid_seq; Type: SEQUENCE; Schema: public; Owner: postgres
--

CREATE SEQUENCE public.comentario_comentarioid_seq
    AS integer
    START WITH 1
    INCREMENT BY 1
    NO MINVALUE
    NO MAXVALUE
    CACHE 1;


ALTER TABLE public.comentario_comentarioid_seq OWNER TO postgres;

--
-- TOC entry 4520 (class 0 OID 0)
-- Dependencies: 248
-- Name: comentario_comentarioid_seq; Type: SEQUENCE OWNED BY; Schema: public; Owner: postgres
--

ALTER SEQUENCE public.comentario_comentarioid_seq OWNED BY public.comentario.comentarioid;


--
-- TOC entry 212 (class 1259 OID 16438)
-- Name: construtor; Type: TABLE; Schema: public; Owner: postgres
--

CREATE TABLE public.construtor (
    construtorid bigint NOT NULL,
    nome character varying(512),
    nacionalidade character varying(512),
    logo character varying(512),
    criadoem date
);


ALTER TABLE public.construtor OWNER TO postgres;

--
-- TOC entry 211 (class 1259 OID 16437)
-- Name: construtor_construtorid_seq; Type: SEQUENCE; Schema: public; Owner: postgres
--

CREATE SEQUENCE public.construtor_construtorid_seq
    START WITH 1
    INCREMENT BY 1
    NO MINVALUE
    NO MAXVALUE
    CACHE 1;


ALTER TABLE public.construtor_construtorid_seq OWNER TO postgres;

--
-- TOC entry 4521 (class 0 OID 0)
-- Dependencies: 211
-- Name: construtor_construtorid_seq; Type: SEQUENCE OWNED BY; Schema: public; Owner: postgres
--

ALTER SEQUENCE public.construtor_construtorid_seq OWNED BY public.construtor.construtorid;


--
-- TOC entry 214 (class 1259 OID 16447)
-- Name: corrida; Type: TABLE; Schema: public; Owner: postgres
--

CREATE TABLE public.corrida (
    ronda integer NOT NULL,
    nome character varying(512) NOT NULL,
    voltas integer,
    ocorreem date,
    horas character varying(512) NOT NULL,
    temperatura integer,
    temperaturacircuito integer,
    precipitacao integer,
    humidade integer,
    exposicaosolar integer,
    epoca_ano integer NOT NULL,
    circuito_circuitoid integer NOT NULL
);


ALTER TABLE public.corrida OWNER TO postgres;

--
-- TOC entry 213 (class 1259 OID 16446)
-- Name: corrida_ronda_seq; Type: SEQUENCE; Schema: public; Owner: postgres
--

CREATE SEQUENCE public.corrida_ronda_seq
    AS integer
    START WITH 1
    INCREMENT BY 1
    NO MINVALUE
    NO MAXVALUE
    CACHE 1;


ALTER TABLE public.corrida_ronda_seq OWNER TO postgres;

--
-- TOC entry 4522 (class 0 OID 0)
-- Dependencies: 213
-- Name: corrida_ronda_seq; Type: SEQUENCE OWNED BY; Schema: public; Owner: postgres
--

ALTER SEQUENCE public.corrida_ronda_seq OWNED BY public.corrida.ronda;


--
-- TOC entry 240 (class 1259 OID 16688)
-- Name: django_admin_log; Type: TABLE; Schema: public; Owner: postgres
--

CREATE TABLE public.django_admin_log (
    id integer NOT NULL,
    action_time timestamp with time zone NOT NULL,
    object_id text,
    object_repr character varying(200) NOT NULL,
    action_flag smallint NOT NULL,
    change_message text NOT NULL,
    content_type_id integer,
    user_id integer NOT NULL,
    CONSTRAINT django_admin_log_action_flag_check CHECK ((action_flag >= 0))
);


ALTER TABLE public.django_admin_log OWNER TO postgres;

--
-- TOC entry 239 (class 1259 OID 16687)
-- Name: django_admin_log_id_seq; Type: SEQUENCE; Schema: public; Owner: postgres
--

ALTER TABLE public.django_admin_log ALTER COLUMN id ADD GENERATED BY DEFAULT AS IDENTITY (
    SEQUENCE NAME public.django_admin_log_id_seq
    START WITH 1
    INCREMENT BY 1
    NO MINVALUE
    NO MAXVALUE
    CACHE 1
);


--
-- TOC entry 226 (class 1259 OID 16588)
-- Name: django_content_type; Type: TABLE; Schema: public; Owner: postgres
--

CREATE TABLE public.django_content_type (
    id integer NOT NULL,
    app_label character varying(100) NOT NULL,
    model character varying(100) NOT NULL
);


ALTER TABLE public.django_content_type OWNER TO postgres;

--
-- TOC entry 225 (class 1259 OID 16587)
-- Name: django_content_type_id_seq; Type: SEQUENCE; Schema: public; Owner: postgres
--

ALTER TABLE public.django_content_type ALTER COLUMN id ADD GENERATED BY DEFAULT AS IDENTITY (
    SEQUENCE NAME public.django_content_type_id_seq
    START WITH 1
    INCREMENT BY 1
    NO MINVALUE
    NO MAXVALUE
    CACHE 1
);


--
-- TOC entry 224 (class 1259 OID 16580)
-- Name: django_migrations; Type: TABLE; Schema: public; Owner: postgres
--

CREATE TABLE public.django_migrations (
    id bigint NOT NULL,
    app character varying(255) NOT NULL,
    name character varying(255) NOT NULL,
    applied timestamp with time zone NOT NULL
);


ALTER TABLE public.django_migrations OWNER TO postgres;

--
-- TOC entry 223 (class 1259 OID 16579)
-- Name: django_migrations_id_seq; Type: SEQUENCE; Schema: public; Owner: postgres
--

ALTER TABLE public.django_migrations ALTER COLUMN id ADD GENERATED BY DEFAULT AS IDENTITY (
    SEQUENCE NAME public.django_migrations_id_seq
    START WITH 1
    INCREMENT BY 1
    NO MINVALUE
    NO MAXVALUE
    CACHE 1
);


--
-- TOC entry 241 (class 1259 OID 16717)
-- Name: django_session; Type: TABLE; Schema: public; Owner: postgres
--

CREATE TABLE public.django_session (
    session_key character varying(40) NOT NULL,
    session_data text NOT NULL,
    expire_date timestamp with time zone NOT NULL
);


ALTER TABLE public.django_session OWNER TO postgres;

--
-- TOC entry 217 (class 1259 OID 16464)
-- Name: epoca; Type: TABLE; Schema: public; Owner: postgres
--

CREATE TABLE public.epoca (
    ano integer NOT NULL
);


ALTER TABLE public.epoca OWNER TO postgres;

--
-- TOC entry 221 (class 1259 OID 16495)
-- Name: equipa; Type: TABLE; Schema: public; Owner: postgres
--

CREATE TABLE public.equipa (
    equipaid bigint NOT NULL,
    chefe character varying(512),
    chefetecnico character varying(512),
    chassis character varying(512),
    foto_carro character varying(512),
    construtor_construtorid bigint NOT NULL,
    epoca_ano integer NOT NULL
);


ALTER TABLE public.equipa OWNER TO postgres;

--
-- TOC entry 220 (class 1259 OID 16494)
-- Name: equipa_equipaid_seq; Type: SEQUENCE; Schema: public; Owner: postgres
--

CREATE SEQUENCE public.equipa_equipaid_seq
    START WITH 1
    INCREMENT BY 1
    NO MINVALUE
    NO MAXVALUE
    CACHE 1;


ALTER TABLE public.equipa_equipaid_seq OWNER TO postgres;

--
-- TOC entry 4523 (class 0 OID 0)
-- Dependencies: 220
-- Name: equipa_equipaid_seq; Type: SEQUENCE OWNED BY; Schema: public; Owner: postgres
--

ALTER SEQUENCE public.equipa_equipaid_seq OWNED BY public.equipa.equipaid;


--
-- TOC entry 245 (class 1259 OID 16764)
-- Name: noticia; Type: TABLE; Schema: public; Owner: postgres
--

CREATE TABLE public.noticia (
    noticiaid integer NOT NULL,
    titulo character varying(50) NOT NULL,
    corpo character varying(5000),
    foto character varying(512) NOT NULL,
    criadoem date NOT NULL
);


ALTER TABLE public.noticia OWNER TO postgres;

--
-- TOC entry 244 (class 1259 OID 16763)
-- Name: noticia_noticiaid_seq; Type: SEQUENCE; Schema: public; Owner: postgres
--

CREATE SEQUENCE public.noticia_noticiaid_seq
    AS integer
    START WITH 1
    INCREMENT BY 1
    NO MINVALUE
    NO MAXVALUE
    CACHE 1;


ALTER TABLE public.noticia_noticiaid_seq OWNER TO postgres;

--
-- TOC entry 4524 (class 0 OID 0)
-- Dependencies: 244
-- Name: noticia_noticiaid_seq; Type: SEQUENCE OWNED BY; Schema: public; Owner: postgres
--

ALTER SEQUENCE public.noticia_noticiaid_seq OWNED BY public.noticia.noticiaid;


--
-- TOC entry 210 (class 1259 OID 16429)
-- Name: piloto; Type: TABLE; Schema: public; Owner: postgres
--

CREATE TABLE public.piloto (
    pilotoid integer NOT NULL,
    nome character varying(512),
    nacionalidade character varying(512),
    nascimento date,
    foto character varying(512)
);


ALTER TABLE public.piloto OWNER TO postgres;

--
-- TOC entry 222 (class 1259 OID 16503)
-- Name: piloto_equipa; Type: TABLE; Schema: public; Owner: postgres
--

CREATE TABLE public.piloto_equipa (
    piloto_pilotoid integer NOT NULL,
    equipa_equipaid bigint NOT NULL,
    equipa_construtor_construtorid bigint NOT NULL
);


ALTER TABLE public.piloto_equipa OWNER TO postgres;

--
-- TOC entry 209 (class 1259 OID 16428)
-- Name: piloto_pilotoid_seq; Type: SEQUENCE; Schema: public; Owner: postgres
--

CREATE SEQUENCE public.piloto_pilotoid_seq
    AS integer
    START WITH 1
    INCREMENT BY 1
    NO MINVALUE
    NO MAXVALUE
    CACHE 1;


ALTER TABLE public.piloto_pilotoid_seq OWNER TO postgres;

--
-- TOC entry 4525 (class 0 OID 0)
-- Dependencies: 209
-- Name: piloto_pilotoid_seq; Type: SEQUENCE OWNED BY; Schema: public; Owner: postgres
--

ALTER SEQUENCE public.piloto_pilotoid_seq OWNED BY public.piloto.pilotoid;


--
-- TOC entry 247 (class 1259 OID 16795)
-- Name: resultado; Type: TABLE; Schema: public; Owner: postgres
--

CREATE TABLE public.resultado (
    resultadoid integer NOT NULL,
    posinicio integer NOT NULL,
    tempototal integer NOT NULL,
    voltarapida integer NOT NULL,
    posfinal integer NOT NULL,
    corrida_ronda integer NOT NULL,
    piloto_pilotoid integer NOT NULL
);


ALTER TABLE public.resultado OWNER TO postgres;

--
-- TOC entry 243 (class 1259 OID 16727)
-- Name: resultado_pontos; Type: TABLE; Schema: public; Owner: postgres
--

CREATE TABLE public.resultado_pontos (
    posfinal integer NOT NULL,
    pontos integer NOT NULL
);


ALTER TABLE public.resultado_pontos OWNER TO postgres;

--
-- TOC entry 242 (class 1259 OID 16726)
-- Name: resultado_pontos_posfinal_seq; Type: SEQUENCE; Schema: public; Owner: postgres
--

CREATE SEQUENCE public.resultado_pontos_posfinal_seq
    AS integer
    START WITH 1
    INCREMENT BY 1
    NO MINVALUE
    NO MAXVALUE
    CACHE 1;


ALTER TABLE public.resultado_pontos_posfinal_seq OWNER TO postgres;

--
-- TOC entry 4526 (class 0 OID 0)
-- Dependencies: 242
-- Name: resultado_pontos_posfinal_seq; Type: SEQUENCE OWNED BY; Schema: public; Owner: postgres
--

ALTER SEQUENCE public.resultado_pontos_posfinal_seq OWNED BY public.resultado_pontos.posfinal;


--
-- TOC entry 246 (class 1259 OID 16794)
-- Name: resultado_resultadoid_seq; Type: SEQUENCE; Schema: public; Owner: postgres
--

CREATE SEQUENCE public.resultado_resultadoid_seq
    AS integer
    START WITH 1
    INCREMENT BY 1
    NO MINVALUE
    NO MAXVALUE
    CACHE 1;


ALTER TABLE public.resultado_resultadoid_seq OWNER TO postgres;

--
-- TOC entry 4527 (class 0 OID 0)
-- Dependencies: 246
-- Name: resultado_resultadoid_seq; Type: SEQUENCE OWNED BY; Schema: public; Owner: postgres
--

ALTER SEQUENCE public.resultado_resultadoid_seq OWNED BY public.resultado.resultadoid;


--
-- TOC entry 219 (class 1259 OID 16470)
-- Name: resultados; Type: TABLE; Schema: public; Owner: postgres
--

CREATE TABLE public.resultados (
    resultadoid integer NOT NULL,
    posinicio integer NOT NULL,
    posfinal integer,
    tempototal integer,
    voltarapida integer,
    corrida_ronda integer NOT NULL,
    piloto_pilotoid integer NOT NULL
);


ALTER TABLE public.resultados OWNER TO postgres;

--
-- TOC entry 218 (class 1259 OID 16469)
-- Name: resultados_resultadoid_seq; Type: SEQUENCE; Schema: public; Owner: postgres
--

CREATE SEQUENCE public.resultados_resultadoid_seq
    AS integer
    START WITH 1
    INCREMENT BY 1
    NO MINVALUE
    NO MAXVALUE
    CACHE 1;


ALTER TABLE public.resultados_resultadoid_seq OWNER TO postgres;

--
-- TOC entry 4528 (class 0 OID 0)
-- Dependencies: 218
-- Name: resultados_resultadoid_seq; Type: SEQUENCE OWNED BY; Schema: public; Owner: postgres
--

ALTER SEQUENCE public.resultados_resultadoid_seq OWNED BY public.resultados.resultadoid;


--
-- TOC entry 4232 (class 2604 OID 16459)
-- Name: circuito circuitoid; Type: DEFAULT; Schema: public; Owner: postgres
--

ALTER TABLE ONLY public.circuito ALTER COLUMN circuitoid SET DEFAULT nextval('public.circuito_circuitoid_seq'::regclass);


--
-- TOC entry 4239 (class 2604 OID 16850)
-- Name: comentario comentarioid; Type: DEFAULT; Schema: public; Owner: postgres
--

ALTER TABLE ONLY public.comentario ALTER COLUMN comentarioid SET DEFAULT nextval('public.comentario_comentarioid_seq'::regclass);


--
-- TOC entry 4230 (class 2604 OID 16441)
-- Name: construtor construtorid; Type: DEFAULT; Schema: public; Owner: postgres
--

ALTER TABLE ONLY public.construtor ALTER COLUMN construtorid SET DEFAULT nextval('public.construtor_construtorid_seq'::regclass);


--
-- TOC entry 4231 (class 2604 OID 16450)
-- Name: corrida ronda; Type: DEFAULT; Schema: public; Owner: postgres
--

ALTER TABLE ONLY public.corrida ALTER COLUMN ronda SET DEFAULT nextval('public.corrida_ronda_seq'::regclass);


--
-- TOC entry 4234 (class 2604 OID 16498)
-- Name: equipa equipaid; Type: DEFAULT; Schema: public; Owner: postgres
--

ALTER TABLE ONLY public.equipa ALTER COLUMN equipaid SET DEFAULT nextval('public.equipa_equipaid_seq'::regclass);


--
-- TOC entry 4237 (class 2604 OID 16767)
-- Name: noticia noticiaid; Type: DEFAULT; Schema: public; Owner: postgres
--

ALTER TABLE ONLY public.noticia ALTER COLUMN noticiaid SET DEFAULT nextval('public.noticia_noticiaid_seq'::regclass);


--
-- TOC entry 4229 (class 2604 OID 16432)
-- Name: piloto pilotoid; Type: DEFAULT; Schema: public; Owner: postgres
--

ALTER TABLE ONLY public.piloto ALTER COLUMN pilotoid SET DEFAULT nextval('public.piloto_pilotoid_seq'::regclass);


--
-- TOC entry 4238 (class 2604 OID 16798)
-- Name: resultado resultadoid; Type: DEFAULT; Schema: public; Owner: postgres
--

ALTER TABLE ONLY public.resultado ALTER COLUMN resultadoid SET DEFAULT nextval('public.resultado_resultadoid_seq'::regclass);


--
-- TOC entry 4236 (class 2604 OID 16730)
-- Name: resultado_pontos posfinal; Type: DEFAULT; Schema: public; Owner: postgres
--

ALTER TABLE ONLY public.resultado_pontos ALTER COLUMN posfinal SET DEFAULT nextval('public.resultado_pontos_posfinal_seq'::regclass);


--
-- TOC entry 4233 (class 2604 OID 16473)
-- Name: resultados resultadoid; Type: DEFAULT; Schema: public; Owner: postgres
--

ALTER TABLE ONLY public.resultados ALTER COLUMN resultadoid SET DEFAULT nextval('public.resultados_resultadoid_seq'::regclass);


--
-- TOC entry 4492 (class 0 OID 16602)
-- Dependencies: 230
-- Data for Name: auth_group; Type: TABLE DATA; Schema: public; Owner: postgres
--



--
-- TOC entry 4494 (class 0 OID 16610)
-- Dependencies: 232
-- Data for Name: auth_group_permissions; Type: TABLE DATA; Schema: public; Owner: postgres
--



--
-- TOC entry 4490 (class 0 OID 16596)
-- Dependencies: 228
-- Data for Name: auth_permission; Type: TABLE DATA; Schema: public; Owner: postgres
--

INSERT INTO public.auth_permission VALUES (1, 'Can add log entry', 1, 'add_logentry');
INSERT INTO public.auth_permission VALUES (2, 'Can change log entry', 1, 'change_logentry');
INSERT INTO public.auth_permission VALUES (3, 'Can delete log entry', 1, 'delete_logentry');
INSERT INTO public.auth_permission VALUES (4, 'Can view log entry', 1, 'view_logentry');
INSERT INTO public.auth_permission VALUES (5, 'Can add permission', 2, 'add_permission');
INSERT INTO public.auth_permission VALUES (6, 'Can change permission', 2, 'change_permission');
INSERT INTO public.auth_permission VALUES (7, 'Can delete permission', 2, 'delete_permission');
INSERT INTO public.auth_permission VALUES (8, 'Can view permission', 2, 'view_permission');
INSERT INTO public.auth_permission VALUES (9, 'Can add group', 3, 'add_group');
INSERT INTO public.auth_permission VALUES (10, 'Can change group', 3, 'change_group');
INSERT INTO public.auth_permission VALUES (11, 'Can delete group', 3, 'delete_group');
INSERT INTO public.auth_permission VALUES (12, 'Can view group', 3, 'view_group');
INSERT INTO public.auth_permission VALUES (13, 'Can add user', 4, 'add_user');
INSERT INTO public.auth_permission VALUES (14, 'Can change user', 4, 'change_user');
INSERT INTO public.auth_permission VALUES (15, 'Can delete user', 4, 'delete_user');
INSERT INTO public.auth_permission VALUES (16, 'Can view user', 4, 'view_user');
INSERT INTO public.auth_permission VALUES (17, 'Can add content type', 5, 'add_contenttype');
INSERT INTO public.auth_permission VALUES (18, 'Can change content type', 5, 'change_contenttype');
INSERT INTO public.auth_permission VALUES (19, 'Can delete content type', 5, 'delete_contenttype');
INSERT INTO public.auth_permission VALUES (20, 'Can view content type', 5, 'view_contenttype');
INSERT INTO public.auth_permission VALUES (21, 'Can add session', 6, 'add_session');
INSERT INTO public.auth_permission VALUES (22, 'Can change session', 6, 'change_session');
INSERT INTO public.auth_permission VALUES (23, 'Can delete session', 6, 'delete_session');
INSERT INTO public.auth_permission VALUES (24, 'Can view session', 6, 'view_session');
INSERT INTO public.auth_permission VALUES (25, 'Can add circuito', 7, 'add_circuito');
INSERT INTO public.auth_permission VALUES (26, 'Can change circuito', 7, 'change_circuito');
INSERT INTO public.auth_permission VALUES (27, 'Can delete circuito', 7, 'delete_circuito');
INSERT INTO public.auth_permission VALUES (28, 'Can view circuito', 7, 'view_circuito');
INSERT INTO public.auth_permission VALUES (29, 'Can add comentario', 8, 'add_comentario');
INSERT INTO public.auth_permission VALUES (30, 'Can change comentario', 8, 'change_comentario');
INSERT INTO public.auth_permission VALUES (31, 'Can delete comentario', 8, 'delete_comentario');
INSERT INTO public.auth_permission VALUES (32, 'Can view comentario', 8, 'view_comentario');
INSERT INTO public.auth_permission VALUES (33, 'Can add construtor', 9, 'add_construtor');
INSERT INTO public.auth_permission VALUES (34, 'Can change construtor', 9, 'change_construtor');
INSERT INTO public.auth_permission VALUES (35, 'Can delete construtor', 9, 'delete_construtor');
INSERT INTO public.auth_permission VALUES (36, 'Can view construtor', 9, 'view_construtor');
INSERT INTO public.auth_permission VALUES (37, 'Can add corrida', 10, 'add_corrida');
INSERT INTO public.auth_permission VALUES (38, 'Can change corrida', 10, 'change_corrida');
INSERT INTO public.auth_permission VALUES (39, 'Can delete corrida', 10, 'delete_corrida');
INSERT INTO public.auth_permission VALUES (40, 'Can view corrida', 10, 'view_corrida');
INSERT INTO public.auth_permission VALUES (41, 'Can add epoca', 11, 'add_epoca');
INSERT INTO public.auth_permission VALUES (42, 'Can change epoca', 11, 'change_epoca');
INSERT INTO public.auth_permission VALUES (43, 'Can delete epoca', 11, 'delete_epoca');
INSERT INTO public.auth_permission VALUES (44, 'Can view epoca', 11, 'view_epoca');
INSERT INTO public.auth_permission VALUES (45, 'Can add equipa', 12, 'add_equipa');
INSERT INTO public.auth_permission VALUES (46, 'Can change equipa', 12, 'change_equipa');
INSERT INTO public.auth_permission VALUES (47, 'Can delete equipa', 12, 'delete_equipa');
INSERT INTO public.auth_permission VALUES (48, 'Can view equipa', 12, 'view_equipa');
INSERT INTO public.auth_permission VALUES (49, 'Can add noticia', 13, 'add_noticia');
INSERT INTO public.auth_permission VALUES (50, 'Can change noticia', 13, 'change_noticia');
INSERT INTO public.auth_permission VALUES (51, 'Can delete noticia', 13, 'delete_noticia');
INSERT INTO public.auth_permission VALUES (52, 'Can view noticia', 13, 'view_noticia');
INSERT INTO public.auth_permission VALUES (53, 'Can add piloto', 14, 'add_piloto');
INSERT INTO public.auth_permission VALUES (54, 'Can change piloto', 14, 'change_piloto');
INSERT INTO public.auth_permission VALUES (55, 'Can delete piloto', 14, 'delete_piloto');
INSERT INTO public.auth_permission VALUES (56, 'Can view piloto', 14, 'view_piloto');
INSERT INTO public.auth_permission VALUES (57, 'Can add resultados', 15, 'add_resultados');
INSERT INTO public.auth_permission VALUES (58, 'Can change resultados', 15, 'change_resultados');
INSERT INTO public.auth_permission VALUES (59, 'Can delete resultados', 15, 'delete_resultados');
INSERT INTO public.auth_permission VALUES (60, 'Can view resultados', 15, 'view_resultados');
INSERT INTO public.auth_permission VALUES (61, 'Can add auth group', 16, 'add_authgroup');
INSERT INTO public.auth_permission VALUES (62, 'Can change auth group', 16, 'change_authgroup');
INSERT INTO public.auth_permission VALUES (63, 'Can delete auth group', 16, 'delete_authgroup');
INSERT INTO public.auth_permission VALUES (64, 'Can view auth group', 16, 'view_authgroup');
INSERT INTO public.auth_permission VALUES (65, 'Can add auth group permissions', 17, 'add_authgrouppermissions');
INSERT INTO public.auth_permission VALUES (66, 'Can change auth group permissions', 17, 'change_authgrouppermissions');
INSERT INTO public.auth_permission VALUES (67, 'Can delete auth group permissions', 17, 'delete_authgrouppermissions');
INSERT INTO public.auth_permission VALUES (68, 'Can view auth group permissions', 17, 'view_authgrouppermissions');
INSERT INTO public.auth_permission VALUES (69, 'Can add auth permission', 18, 'add_authpermission');
INSERT INTO public.auth_permission VALUES (70, 'Can change auth permission', 18, 'change_authpermission');
INSERT INTO public.auth_permission VALUES (71, 'Can delete auth permission', 18, 'delete_authpermission');
INSERT INTO public.auth_permission VALUES (72, 'Can view auth permission', 18, 'view_authpermission');
INSERT INTO public.auth_permission VALUES (73, 'Can add auth user', 19, 'add_authuser');
INSERT INTO public.auth_permission VALUES (74, 'Can change auth user', 19, 'change_authuser');
INSERT INTO public.auth_permission VALUES (75, 'Can delete auth user', 19, 'delete_authuser');
INSERT INTO public.auth_permission VALUES (76, 'Can view auth user', 19, 'view_authuser');
INSERT INTO public.auth_permission VALUES (77, 'Can add auth user groups', 20, 'add_authusergroups');
INSERT INTO public.auth_permission VALUES (78, 'Can change auth user groups', 20, 'change_authusergroups');
INSERT INTO public.auth_permission VALUES (79, 'Can delete auth user groups', 20, 'delete_authusergroups');
INSERT INTO public.auth_permission VALUES (80, 'Can view auth user groups', 20, 'view_authusergroups');
INSERT INTO public.auth_permission VALUES (81, 'Can add auth user user permissions', 21, 'add_authuseruserpermissions');
INSERT INTO public.auth_permission VALUES (82, 'Can change auth user user permissions', 21, 'change_authuseruserpermissions');
INSERT INTO public.auth_permission VALUES (83, 'Can delete auth user user permissions', 21, 'delete_authuseruserpermissions');
INSERT INTO public.auth_permission VALUES (84, 'Can view auth user user permissions', 21, 'view_authuseruserpermissions');
INSERT INTO public.auth_permission VALUES (85, 'Can add django admin log', 22, 'add_djangoadminlog');
INSERT INTO public.auth_permission VALUES (86, 'Can change django admin log', 22, 'change_djangoadminlog');
INSERT INTO public.auth_permission VALUES (87, 'Can delete django admin log', 22, 'delete_djangoadminlog');
INSERT INTO public.auth_permission VALUES (88, 'Can view django admin log', 22, 'view_djangoadminlog');
INSERT INTO public.auth_permission VALUES (89, 'Can add django content type', 23, 'add_djangocontenttype');
INSERT INTO public.auth_permission VALUES (90, 'Can change django content type', 23, 'change_djangocontenttype');
INSERT INTO public.auth_permission VALUES (91, 'Can delete django content type', 23, 'delete_djangocontenttype');
INSERT INTO public.auth_permission VALUES (92, 'Can view django content type', 23, 'view_djangocontenttype');
INSERT INTO public.auth_permission VALUES (93, 'Can add django migrations', 24, 'add_djangomigrations');
INSERT INTO public.auth_permission VALUES (94, 'Can change django migrations', 24, 'change_djangomigrations');
INSERT INTO public.auth_permission VALUES (95, 'Can delete django migrations', 24, 'delete_djangomigrations');
INSERT INTO public.auth_permission VALUES (96, 'Can view django migrations', 24, 'view_djangomigrations');
INSERT INTO public.auth_permission VALUES (97, 'Can add django session', 25, 'add_djangosession');
INSERT INTO public.auth_permission VALUES (98, 'Can change django session', 25, 'change_djangosession');
INSERT INTO public.auth_permission VALUES (99, 'Can delete django session', 25, 'delete_djangosession');
INSERT INTO public.auth_permission VALUES (100, 'Can view django session', 25, 'view_djangosession');
INSERT INTO public.auth_permission VALUES (101, 'Can add piloto equipa', 26, 'add_pilotoequipa');
INSERT INTO public.auth_permission VALUES (102, 'Can change piloto equipa', 26, 'change_pilotoequipa');
INSERT INTO public.auth_permission VALUES (103, 'Can delete piloto equipa', 26, 'delete_pilotoequipa');
INSERT INTO public.auth_permission VALUES (104, 'Can view piloto equipa', 26, 'view_pilotoequipa');
INSERT INTO public.auth_permission VALUES (105, 'Can add resultado pontos', 27, 'add_resultadopontos');
INSERT INTO public.auth_permission VALUES (106, 'Can change resultado pontos', 27, 'change_resultadopontos');
INSERT INTO public.auth_permission VALUES (107, 'Can delete resultado pontos', 27, 'delete_resultadopontos');
INSERT INTO public.auth_permission VALUES (108, 'Can view resultado pontos', 27, 'view_resultadopontos');


--
-- TOC entry 4496 (class 0 OID 16616)
-- Dependencies: 234
-- Data for Name: auth_user; Type: TABLE DATA; Schema: public; Owner: postgres
--

INSERT INTO public.auth_user VALUES (1, 'pbkdf2_sha256$390000$vA3Yob0T0oHlNCZ76ppFBj$Rz4q3Sp2st3agQ7ithmu9oD27heCPcogjNQ7Saw+s1A=', '2023-01-01 21:08:59.176338+00', true, 'admin', '', '', '', true, true, '2022-12-23 16:23:06.111526+00');


--
-- TOC entry 4498 (class 0 OID 16624)
-- Dependencies: 236
-- Data for Name: auth_user_groups; Type: TABLE DATA; Schema: public; Owner: postgres
--



--
-- TOC entry 4500 (class 0 OID 16630)
-- Dependencies: 238
-- Data for Name: auth_user_user_permissions; Type: TABLE DATA; Schema: public; Owner: postgres
--



--
-- TOC entry 4478 (class 0 OID 16456)
-- Dependencies: 216
-- Data for Name: circuito; Type: TABLE DATA; Schema: public; Owner: postgres
--

INSERT INTO public.circuito VALUES (1, 'Bahrain International Circuit', '2004-03-17', 5.412, 15, 'https://a.espncdn.com/i/venues/f1/day/243.svg');
INSERT INTO public.circuito VALUES (2, 'Jeddah Street Circuit', '2021-12-03', 5.154, 27, 'https://upload.wikimedia.org/wikipedia/commons/thumb/4/4c/Jeddah_Street_Circuit_2021.svg/250px-Jeddah_Street_Circuit_2021.svg.png');
INSERT INTO public.circuito VALUES (3, 'Albert Park Circuit', '1953-11-20', 5.303, 16, 'https://a.espncdn.com/i/venues/f1/day/241.svg');
INSERT INTO public.circuito VALUES (4, 'Autodromo Internazionale Enzo e Dino Ferrari', '1953-04-25', 4.909, 17, 'https://upload.wikimedia.org/wikipedia/commons/thumb/2/22/Imola_2009.svg/1920px-Imola_2009.svg.png');
INSERT INTO public.circuito VALUES (5, 'Miami International Autodrome', '2022-05-06', 5.41, 19, 'https://upload.wikimedia.org/wikipedia/commons/thumb/4/49/Hard_Rock_Stadium_Circuit_2022.svg/1920px-Hard_Rock_Stadium_Circuit_2022.svg.png');
INSERT INTO public.circuito VALUES (6, 'Circuit de Barcelona-Catalunya', '1991-09-10', 4.665, 16, 'https://a.espncdn.com/i/venues/f1/day/238.svg');
INSERT INTO public.circuito VALUES (7, 'Circuit de Monaco', '1929-12-14', 3.337, 19, 'https://a.espncdn.com/i/venues/f1/day/255.svg');
INSERT INTO public.circuito VALUES (8, 'Baku City Circuit', '2016-06-17', 6.003, 20, 'https://a.espncdn.com/i/venues/f1/day/402.svg');
INSERT INTO public.circuito VALUES (9, 'Circuit Gilles-Villeneuve', '1978-10-06', 4.361, 14, 'https://a.espncdn.com/i/venues/f1/day/51.svg');
INSERT INTO public.circuito VALUES (10, 'Silverstone Circuit', '1978-10-06', 4.361, 14, 'https://a.espncdn.com/i/venues/f1/day/51.svg');
INSERT INTO public.circuito VALUES (11, 'Shanghai International Circuit', '2004-09-26', 5451, 16, 'shanghai_international_circuit.jpg');
INSERT INTO public.circuito VALUES (12, 'Circuit de Barcelona-Catalunya', '1991-09-10', 4655, 16, 'circuit_de_barcelona-catalunya.jpg');


--
-- TOC entry 4511 (class 0 OID 16847)
-- Dependencies: 249
-- Data for Name: comentario; Type: TABLE DATA; Schema: public; Owner: postgres
--

INSERT INTO public.comentario VALUES (2, 'Diogo Goncalves', 'Grande Piloto!!!', '2023-01-01', 'diogogonc', 4);
INSERT INTO public.comentario VALUES (3, 'Craquezão', 'Craque!!!', '2023-01-01', 'diogogonc', 4);
INSERT INTO public.comentario VALUES (4, 'Charles Leclearc FAN', 'Vamos nessaaaaa! Bora Ferrari, grand maquina!', '2023-01-01', 'charlsfan1', 4);
INSERT INTO public.comentario VALUES (5, 'Maria Cruz', 'Top Xuxa! A mercedes emerge ainda mais contente depois deste ENORME problema 😆', '2023-01-01', 'cruzetas', 3);
INSERT INTO public.comentario VALUES (8, 'Goncalo Biltes', 'Voa! Bora lá conquistar o troféu!', '2023-01-01', 'goncbilt', 1);


--
-- TOC entry 4474 (class 0 OID 16438)
-- Dependencies: 212
-- Data for Name: construtor; Type: TABLE DATA; Schema: public; Owner: postgres
--

INSERT INTO public.construtor VALUES (1, 'Red Bull Racing', 'Milton Keynes, Reino Unido', 'https://www.formula1.com/content/fom-website/en/teams/Red-Bull-Racing/_jcr_content/logo.img.jpg/1645620474276.jpg', '2004-01-01');
INSERT INTO public.construtor VALUES (2, 'Mercedes-AMG Formula One Team', 'Brackley, Reino Unido', 'https://www.formula1.com/content/fom-website/en/teams/Mercedes/_jcr_content/logo.img.jpg/1582638425211.jpg', '1970-01-01');
INSERT INTO public.construtor VALUES (3, 'Scuderia Ferrari', 'Maranello, Itália', 'https://www.formula1.com/content/fom-website/en/teams/Ferrari/_jcr_content/logo.img.jpg/1521797474166.jpg', '1950-01-01');


--
-- TOC entry 4476 (class 0 OID 16447)
-- Dependencies: 214
-- Data for Name: corrida; Type: TABLE DATA; Schema: public; Owner: postgres
--

INSERT INTO public.corrida VALUES (2, 'STC Saudi Arabian GP', 57, '2022-03-27', '21:30', 31, 48, 0, 14, 0, 2022, 2);
INSERT INTO public.corrida VALUES (3, 'Heineken Australian GP', 58, '2022-04-10', '06:00', 22, 40, 0, 33, 38, 2022, 3);
INSERT INTO public.corrida VALUES (4, 'Rolex Emilia Romagna GP', 62, '2022-04-24', '14:00', 25, 51, 0, 13, 57, 2022, 4);
INSERT INTO public.corrida VALUES (5, 'Crypto.com Miami GP', 57, '2022-05-08', '20:30', 25, 43, 0, 13, 55, 2022, 5);
INSERT INTO public.corrida VALUES (6, 'Pirelli Spanish GP', 62, '2022-05-22', '14:00', 35, 55, 0, 9, 70, 2022, 6);
INSERT INTO public.corrida VALUES (7, 'Monaco GP', 64, '2022-05-29', '14:00', 20, 40, 38, 60, 7, 2022, 7);
INSERT INTO public.corrida VALUES (8, 'Azerbaijão GP', 51, '2022-06-12', '21:00', 30, 48, 0, 12, 0, 2022, 8);
INSERT INTO public.corrida VALUES (1, 'Gulf Air Bahrain GP
', 57, '2022-03-20', '21:30', 29, 49, 0, 10, 0, 2022, 1);


--
-- TOC entry 4502 (class 0 OID 16688)
-- Dependencies: 240
-- Data for Name: django_admin_log; Type: TABLE DATA; Schema: public; Owner: postgres
--

INSERT INTO public.django_admin_log VALUES (1, '2022-12-23 16:47:09.537872+00', '1', 'Resultados object (1)', 1, '[{"added": {}}]', 15, 1);
INSERT INTO public.django_admin_log VALUES (2, '2022-12-23 16:47:39.404568+00', '2', 'Resultados object (2)', 1, '[{"added": {}}]', 15, 1);
INSERT INTO public.django_admin_log VALUES (3, '2022-12-23 16:48:20.006118+00', '3', 'Resultados object (3)', 1, '[{"added": {}}]', 15, 1);
INSERT INTO public.django_admin_log VALUES (4, '2022-12-23 16:48:50.84423+00', '2', 'Resultados object (2)', 2, '[]', 15, 1);
INSERT INTO public.django_admin_log VALUES (5, '2022-12-23 17:22:29.787649+00', '4', 'Resultados object (4)', 1, '[{"added": {}}]', 15, 1);
INSERT INTO public.django_admin_log VALUES (6, '2022-12-23 17:22:59.523165+00', '5', 'Resultados object (5)', 1, '[{"added": {}}]', 15, 1);
INSERT INTO public.django_admin_log VALUES (7, '2022-12-23 17:24:55.024389+00', '4', 'Resultados object (4)', 2, '[]', 15, 1);
INSERT INTO public.django_admin_log VALUES (8, '2022-12-25 19:35:23.461041+00', '5', 'Resultados object (5)', 2, '[{"changed": {"fields": ["Corrida ronda", "Piloto pilotoid"]}}]', 15, 1);
INSERT INTO public.django_admin_log VALUES (9, '2022-12-25 19:35:33.724539+00', '4', 'Resultados object (4)', 2, '[{"changed": {"fields": ["Corrida ronda", "Piloto pilotoid"]}}]', 15, 1);
INSERT INTO public.django_admin_log VALUES (10, '2022-12-25 19:36:09.488738+00', '3', 'Resultados object (3)', 2, '[]', 15, 1);
INSERT INTO public.django_admin_log VALUES (11, '2022-12-28 22:46:05.41478+00', '3', 'Comentado por Diogo Goncalves a 2022-12-28', 1, '[{"added": {}}]', 8, 1);
INSERT INTO public.django_admin_log VALUES (12, '2022-12-28 23:18:15.08773+00', '46', 'Sebastian Vettel é 6 na corrida Baku City Circuit da epoca 2022', 2, '[{"changed": {"fields": ["Piloto pilotoid"]}}]', 15, 1);
INSERT INTO public.django_admin_log VALUES (13, '2022-12-29 11:08:48.682403+00', '4', 'George Russel é 7 na corrida Bahrain International Circuit da epoca 2022', 2, '[{"changed": {"fields": ["Posfinal", "Tempototal", "Voltarapida"]}}]', 15, 1);
INSERT INTO public.django_admin_log VALUES (14, '2022-12-30 00:02:20.61544+00', '1', 'Lewis Hamilton vence GP de Monza publicado a 2022-03-11', 2, '[{"changed": {"fields": ["Criadoem"]}}]', 13, 1);
INSERT INTO public.django_admin_log VALUES (15, '2022-12-30 00:02:35.795844+00', '3', 'Ferrari sofre com problemas técnicos em Spa publicado a 2022-04-12', 2, '[{"changed": {"fields": ["Criadoem"]}}]', 13, 1);
INSERT INTO public.django_admin_log VALUES (16, '2022-12-30 00:03:49.797241+00', '4', 'Charles Leclerc vence Grande Prémio da Azerbaijan publicado a 2022-06-06', 2, '[{"changed": {"fields": ["Foto"]}}]', 13, 1);
INSERT INTO public.django_admin_log VALUES (17, '2022-12-30 01:08:51.997429+00', '13', 'Comentado por Diogo Soares a 2022-12-28', 3, '', 8, 1);
INSERT INTO public.django_admin_log VALUES (18, '2022-12-30 01:08:52.043179+00', '10', 'Comentado por Diogo Soares a 2022-12-28', 3, '', 8, 1);
INSERT INTO public.django_admin_log VALUES (19, '2022-12-30 01:08:52.087736+00', '9', 'Comentado por Guilherme a 2022-12-28', 3, '', 8, 1);
INSERT INTO public.django_admin_log VALUES (20, '2022-12-30 01:08:52.130563+00', '7', 'Comentado por Maria Miguel Cruz a 2022-12-28', 3, '', 8, 1);
INSERT INTO public.django_admin_log VALUES (21, '2022-12-30 01:08:52.173747+00', '20', 'Comentado por a a 2022-12-30', 3, '', 8, 1);
INSERT INTO public.django_admin_log VALUES (22, '2022-12-30 01:08:52.222313+00', '19', 'Comentado por asd a 2022-12-30', 3, '', 8, 1);
INSERT INTO public.django_admin_log VALUES (23, '2022-12-30 01:08:52.266122+00', '18', 'Comentado por a a 2022-12-30', 3, '', 8, 1);
INSERT INTO public.django_admin_log VALUES (24, '2022-12-30 14:52:27.642274+00', '21', 'Comentado por Charles Leclearc FAN #1 a 2022-12-30', 3, '', 8, 1);
INSERT INTO public.django_admin_log VALUES (25, '2023-01-01 20:46:50.998013+00', '8', 'Daniel Ricciardo', 1, '[{"added": {}}]', 14, 1);
INSERT INTO public.django_admin_log VALUES (26, '2023-01-01 21:09:12.313553+00', '14', 'Comentado por Francisco Jorge a 2022-12-28', 3, '', 8, 1);
INSERT INTO public.django_admin_log VALUES (27, '2023-01-01 21:09:12.363715+00', '12', 'Comentado por Diogo Soares a 2022-12-28', 3, '', 8, 1);
INSERT INTO public.django_admin_log VALUES (28, '2023-01-01 21:09:12.411998+00', '11', 'Comentado por Guilherme a 2022-12-28', 3, '', 8, 1);
INSERT INTO public.django_admin_log VALUES (29, '2023-01-01 21:09:12.460829+00', '8', 'Comentado por João Miguel a 2022-12-28', 3, '', 8, 1);
INSERT INTO public.django_admin_log VALUES (30, '2023-01-01 21:09:12.509835+00', '6', 'Comentado por Maria Miguel Cruz a 2022-12-28', 3, '', 8, 1);
INSERT INTO public.django_admin_log VALUES (31, '2023-01-01 21:09:12.560631+00', '3', 'Comentado por Diogo Goncalves a 2022-12-28', 3, '', 8, 1);
INSERT INTO public.django_admin_log VALUES (32, '2023-01-01 21:09:12.615146+00', '24', 'Comentado por Gonçalo Biltes a 2022-12-30', 3, '', 8, 1);
INSERT INTO public.django_admin_log VALUES (33, '2023-01-01 21:09:12.668969+00', '23', 'Comentado por Diogo Francisco a 2022-12-30', 3, '', 8, 1);
INSERT INTO public.django_admin_log VALUES (34, '2023-01-01 21:09:12.719412+00', '22', 'Comentado por Charles Leclearc FAN #1 a 2022-12-30', 3, '', 8, 1);
INSERT INTO public.django_admin_log VALUES (35, '2023-01-01 21:09:12.771144+00', '25', 'Comentado por Maria a 2022-12-31', 3, '', 8, 1);


--
-- TOC entry 4488 (class 0 OID 16588)
-- Dependencies: 226
-- Data for Name: django_content_type; Type: TABLE DATA; Schema: public; Owner: postgres
--

INSERT INTO public.django_content_type VALUES (1, 'admin', 'logentry');
INSERT INTO public.django_content_type VALUES (2, 'auth', 'permission');
INSERT INTO public.django_content_type VALUES (3, 'auth', 'group');
INSERT INTO public.django_content_type VALUES (4, 'auth', 'user');
INSERT INTO public.django_content_type VALUES (5, 'contenttypes', 'contenttype');
INSERT INTO public.django_content_type VALUES (6, 'sessions', 'session');
INSERT INTO public.django_content_type VALUES (7, 'brTalkingformula', 'circuito');
INSERT INTO public.django_content_type VALUES (8, 'brTalkingformula', 'comentario');
INSERT INTO public.django_content_type VALUES (9, 'brTalkingformula', 'construtor');
INSERT INTO public.django_content_type VALUES (10, 'brTalkingformula', 'corrida');
INSERT INTO public.django_content_type VALUES (11, 'brTalkingformula', 'epoca');
INSERT INTO public.django_content_type VALUES (12, 'brTalkingformula', 'equipa');
INSERT INTO public.django_content_type VALUES (13, 'brTalkingformula', 'noticia');
INSERT INTO public.django_content_type VALUES (14, 'brTalkingformula', 'piloto');
INSERT INTO public.django_content_type VALUES (15, 'brTalkingformula', 'resultados');
INSERT INTO public.django_content_type VALUES (16, 'brTalkingformula', 'authgroup');
INSERT INTO public.django_content_type VALUES (17, 'brTalkingformula', 'authgrouppermissions');
INSERT INTO public.django_content_type VALUES (18, 'brTalkingformula', 'authpermission');
INSERT INTO public.django_content_type VALUES (19, 'brTalkingformula', 'authuser');
INSERT INTO public.django_content_type VALUES (20, 'brTalkingformula', 'authusergroups');
INSERT INTO public.django_content_type VALUES (21, 'brTalkingformula', 'authuseruserpermissions');
INSERT INTO public.django_content_type VALUES (22, 'brTalkingformula', 'djangoadminlog');
INSERT INTO public.django_content_type VALUES (23, 'brTalkingformula', 'djangocontenttype');
INSERT INTO public.django_content_type VALUES (24, 'brTalkingformula', 'djangomigrations');
INSERT INTO public.django_content_type VALUES (25, 'brTalkingformula', 'djangosession');
INSERT INTO public.django_content_type VALUES (26, 'brTalkingformula', 'pilotoequipa');
INSERT INTO public.django_content_type VALUES (27, 'brTalkingformula', 'resultadopontos');


--
-- TOC entry 4486 (class 0 OID 16580)
-- Dependencies: 224
-- Data for Name: django_migrations; Type: TABLE DATA; Schema: public; Owner: postgres
--

INSERT INTO public.django_migrations VALUES (1, 'contenttypes', '0001_initial', '2022-12-23 16:04:10.399211+00');
INSERT INTO public.django_migrations VALUES (2, 'auth', '0001_initial', '2022-12-23 16:04:11.960096+00');
INSERT INTO public.django_migrations VALUES (3, 'admin', '0001_initial', '2022-12-23 16:04:12.399727+00');
INSERT INTO public.django_migrations VALUES (4, 'admin', '0002_logentry_remove_auto_add', '2022-12-23 16:04:12.545946+00');
INSERT INTO public.django_migrations VALUES (5, 'admin', '0003_logentry_add_action_flag_choices', '2022-12-23 16:04:12.740048+00');
INSERT INTO public.django_migrations VALUES (6, 'contenttypes', '0002_remove_content_type_name', '2022-12-23 16:04:13.038189+00');
INSERT INTO public.django_migrations VALUES (7, 'auth', '0002_alter_permission_name_max_length', '2022-12-23 16:04:13.27187+00');
INSERT INTO public.django_migrations VALUES (8, 'auth', '0003_alter_user_email_max_length', '2022-12-23 16:04:13.503708+00');
INSERT INTO public.django_migrations VALUES (9, 'auth', '0004_alter_user_username_opts', '2022-12-23 16:04:13.690719+00');
INSERT INTO public.django_migrations VALUES (10, 'auth', '0005_alter_user_last_login_null', '2022-12-23 16:04:13.922381+00');
INSERT INTO public.django_migrations VALUES (11, 'auth', '0006_require_contenttypes_0002', '2022-12-23 16:04:14.103181+00');
INSERT INTO public.django_migrations VALUES (12, 'auth', '0007_alter_validators_add_error_messages', '2022-12-23 16:04:14.285387+00');
INSERT INTO public.django_migrations VALUES (13, 'auth', '0008_alter_user_username_max_length', '2022-12-23 16:04:14.531082+00');
INSERT INTO public.django_migrations VALUES (14, 'auth', '0009_alter_user_last_name_max_length', '2022-12-23 16:04:14.764391+00');
INSERT INTO public.django_migrations VALUES (15, 'auth', '0010_alter_group_name_max_length', '2022-12-23 16:04:15.003767+00');
INSERT INTO public.django_migrations VALUES (16, 'auth', '0011_update_proxy_permissions', '2022-12-23 16:04:15.192938+00');
INSERT INTO public.django_migrations VALUES (17, 'auth', '0012_alter_user_first_name_max_length', '2022-12-23 16:04:15.428629+00');
INSERT INTO public.django_migrations VALUES (18, 'brTalkingformula', '0001_initial', '2022-12-23 16:04:15.618069+00');
INSERT INTO public.django_migrations VALUES (19, 'brTalkingformula', '0002_authgroup_authgrouppermissions_authpermission_and_more', '2022-12-23 16:04:15.808521+00');
INSERT INTO public.django_migrations VALUES (20, 'sessions', '0001_initial', '2022-12-23 16:04:16.20292+00');
INSERT INTO public.django_migrations VALUES (21, 'brTalkingformula', '0003_resultadopontos_alter_comentario_options_and_more', '2022-12-28 16:47:30.292746+00');
INSERT INTO public.django_migrations VALUES (22, 'brTalkingformula', '0004_alter_noticia_options', '2022-12-28 17:17:45.755738+00');
INSERT INTO public.django_migrations VALUES (23, 'brTalkingformula', '0005_alter_epoca_options_alter_resultados_options_and_more', '2022-12-30 00:27:28.078948+00');


--
-- TOC entry 4503 (class 0 OID 16717)
-- Dependencies: 241
-- Data for Name: django_session; Type: TABLE DATA; Schema: public; Owner: postgres
--

INSERT INTO public.django_session VALUES ('l44j38x4eiuuiowcvjn2g8lr88m7feqx', '.eJxVjMsOwiAURP-FtSFSwQsu3fsNhPtAqgaS0q6M_26bdKHLmXNm3iqmZS5x6TLFkdVFGXX47TDRU-oG-JHqvWlqdZ5G1Juid9r1rbG8rrv7d1BSL-vaozVoJYuX4NihE8tkA63ZA1KAwbL3GQDFZToCmSwCEvxpOHMgVp8vESQ5LQ:1pB2qb:l21y8AH0o9GmFRqMQ3ZE7bkU7gtrMFOYPQ3qkkBNEDw', '2023-01-13 00:02:05.065554+00');
INSERT INTO public.django_session VALUES ('480hsrmwp2z8yki096a043srnd7l7j1h', '.eJxVjDsOwjAQBe_iGlnxb-OlpOcM0a4_OIBsKU4qxN0hUgpo38y8l5hoW8u09bRMcxRnocTpd2MKj1R3EO9Ub02GVtdlZrkr8qBdXltMz8vh_h0U6uVbw-AVIWFII5iMgMze5WytURwC6myGkRFGthqBGL0Dq030oIyzCp14fwDU2zbX:1pBHCw:beyFActwUeekbj96n3wOs5eSYN8-7xqFF43vgrQxzzs', '2023-01-13 15:22:06.419924+00');
INSERT INTO public.django_session VALUES ('57mmkbyuayg6ml1zmvozaem5lc1qsa2g', '.eJxVjMEOwiAQRP-FsyFAu0g9evcbyLIsUjWQlPZk_Hdp0oNe5jDvzbyFx23Nfmu8-DmKi9Di9NsFpCeXHcQHlnuVVMu6zEHuijxok7ca-XU93L-DjC33tYkKFZx1sgqHMQ5gEVKPITlwhhAMOR0Nm8Rsu0cpcFLThBBw5EDi8wXcmDiF:1pBHM2:HtKSSllW_9e_cFYPwiVF-TOGmI2EH3Weu5-A3jLmRl8', '2023-01-13 15:31:30.714998+00');
INSERT INTO public.django_session VALUES ('57tmo2ffabfa9ucohakmunb17ll21ct3', '.eJxVjDsOwjAQBe_iGll2_Isp6TmDtetd4wBypDipEHeHSCmgfTPzXiLBtta0dV7SROIstDj9bgj5wW0HdId2m2We27pMKHdFHrTL60z8vBzu30GFXr81BweoDARdPEe23pIJQ2QeTQ5QKGrFiEU7lR1oVuwGGjOhBV_QKC3eH_u_OLM:1pC4ql:05ssqz5FX9xKaeRWub1nrer-yOZJrsitGo3lo4AuStQ', '2023-01-15 20:22:31.007839+00');
INSERT INTO public.django_session VALUES ('2qhjsusucg7o3os21rec6x3h9r0l9ecv', '.eJxVjEEOgjAQRe_StWk6ZYa2Lt17hmaGAUFNSSisjHdXEha6_e-9_zKZt3XMW-2XPKk5GzCn3024e_RlB3rncpttN5d1mcTuij1otddZ--flcP8ORq7jtx4COfHgPUT1RAjOpTYgaiOgLgJz6kgEA9KgjBx9JAcB29gIBZ_M-wOpEDZD:1pC5Zj:ES98FMtObw_IXDF8pIM4DlcqDMXauYoHNBpAWkg2zaI', '2023-01-15 21:08:59.224555+00');


--
-- TOC entry 4479 (class 0 OID 16464)
-- Dependencies: 217
-- Data for Name: epoca; Type: TABLE DATA; Schema: public; Owner: postgres
--

INSERT INTO public.epoca VALUES (2022);
INSERT INTO public.epoca VALUES (2021);
INSERT INTO public.epoca VALUES (2020);
INSERT INTO public.epoca VALUES (2019);
INSERT INTO public.epoca VALUES (2018);


--
-- TOC entry 4483 (class 0 OID 16495)
-- Dependencies: 221
-- Data for Name: equipa; Type: TABLE DATA; Schema: public; Owner: postgres
--

INSERT INTO public.equipa VALUES (1, 'Christian Horner', 'Pierre Waché', 'RB18', 'https://img.redbull.com/images/c_fill,w_2880,h_1460,g_auto,f_auto,q_auto/redbullcom/2022/4/29/rts6bfco94systkflbvf/rb18-hero', 1, 2022);
INSERT INTO public.equipa VALUES (2, 'Toto Wolff', 'Mike Elliott', 'W13', 'https://cdn-1.motorsport.com/images/amp/2d1n8D5Y/s1000/formula-1-mercedes-launch-2022-2.jpg', 2, 2022);
INSERT INTO public.equipa VALUES (3, 'Mattia Binotto', 'Enrico Gualtieri', 'F1-75', 'https://www.razaoautomovel.com/wp-content/uploads/2022/03/Ferrari-F1-75-6.jpg', 3, 2022);


--
-- TOC entry 4507 (class 0 OID 16764)
-- Dependencies: 245
-- Data for Name: noticia; Type: TABLE DATA; Schema: public; Owner: postgres
--

INSERT INTO public.noticia VALUES (1, 'Lewis Hamilton vence GP de Monza', 'Lewis Hamilton conquistou a vitória no GP de Monza neste fim de semana, aumentando ainda mais sua vantagem na classificação do campeonato. O piloto da Mercedes fez uma corrida perfeita, largando na pole position e liderando de ponta a ponta. Com esta vitória, Hamilton chega a sua quinta vitória consecutiva na temporada e se aproxima cada vez mais do título de campeão mundial. A próxima etapa da Fórmula 1 será o GP da Rússia, que acontecerá no próximo fim de semana.', 'https://www.jornaldocomercio.com/_midias/jpg/2018/09/02/000_18s91p-8459913.jpg', '2022-03-11');
INSERT INTO public.noticia VALUES (3, 'Ferrari sofre com problemas técnicos em Spa', 'A Ferrari teve um fim de semana complicado no GP de Spa, com os dois pilotos sofrendo com problemas técnicos durante a corrida. Charles Leclerc abandonou a prova ainda na primeira volta, enquanto Sebastian Vettel conseguiu terminar em 11º lugar. A equipe italiana vem enfrentando dificuldades para manter o ritmo das rivais Mercedes e Red Bull nas últimas corridas e precisa encontrar uma solução rapidamente se quiser se manter na briga pelo título.', 'https://cdn-1.motorsport.com/images/amp/01WP74eY/s6/formula-1-belgian-gp-2022-char-2.jpg', '2022-04-12');
INSERT INTO public.noticia VALUES (4, 'Charles Leclerc vence Grande Prémio da Azerbaijan', 'A Fórmula 1 viveu um fim de semana emocionante no Grande Prémio da Azerbaijan, com Charles Leclerc a conquistar a vitória pela primeira vez este ano. O piloto da Ferrari liderou a corrida desde a partida, mas teve de enfrentar uma forte pressão de Max Verstappen, que terminou em segundo lugar. Sergio Perez completou o pódio em terceiro lugar, enquanto Lewis Hamilton, que partiu da pole position, acabou por abandonar a corrida devido a problemas técnicos...', 'https://cdn-1.motorsport.com/images/amp/2eA7bLp2/s6/formula-1-azerbaijan-gp-2021-p-2.jpg', '2022-06-06');


--
-- TOC entry 4472 (class 0 OID 16429)
-- Dependencies: 210
-- Data for Name: piloto; Type: TABLE DATA; Schema: public; Owner: postgres
--

INSERT INTO public.piloto VALUES (1, 'Max Verstappen', 'Paises Baixos', '1997-09-30', 'https://www.formula1.com/content/fom-website/en/drivers/max-verstappen/jcr:content/image.img.1920.medium.jpg/1670841844162.jpg');
INSERT INTO public.piloto VALUES (2, 'Sergio Perez', 'México', '1990-01-26', 'https://www.formula1.com/content/fom-website/en/drivers/sergio-perez/jcr:content/image.img.1920.medium.jpg/1669048529570.jpg');
INSERT INTO public.piloto VALUES (3, 'Lewis Hamilton', 'Reino Unido', '1985-01-07', 'https://www.formula1.com/content/fom-website/en/drivers/lewis-hamilton/jcr:content/image.img.1920.medium.jpg/1647334259839.jpg');
INSERT INTO public.piloto VALUES (4, 'George Russel', 'Reino Unido', '1998-02-15', 'https://www.formula1.com/content/fom-website/en/drivers/george-russell/jcr:content/image.img.1920.medium.jpg/1670253611700.jpg');
INSERT INTO public.piloto VALUES (5, 'Michael Schumacher', 'Alemanha', '1969-01-03', 'https://prabook.com/web/show-photo-icon.jpg?id=1918771&width=220&cache=false');
INSERT INTO public.piloto VALUES (6, 'Charles Leclerc', 'Monaco', '1997-10-16', 'https://www.formula1.com/content/fom-website/en/drivers/charles-leclerc/jcr:content/image.img.1920.medium.jpg/1670254511194.jpg');
INSERT INTO public.piloto VALUES (7, 'Sebastian Vettel', 'Germany', '1987-07-03', 'https://cdn-7.motorsport.com/images/mgl/2jXZrAb6/s8/sebastian-vettel-aston-martin-1.jpg');
INSERT INTO public.piloto VALUES (8, 'Daniel Ricciardo', 'Austrália', '1989-07-01', 'https://pt.wikipedia.org/wiki/Ficheiro:2021_US_GP,_Ricciardo.jpg');


--
-- TOC entry 4484 (class 0 OID 16503)
-- Dependencies: 222
-- Data for Name: piloto_equipa; Type: TABLE DATA; Schema: public; Owner: postgres
--

INSERT INTO public.piloto_equipa VALUES (1, 1, 1);
INSERT INTO public.piloto_equipa VALUES (2, 1, 1);
INSERT INTO public.piloto_equipa VALUES (3, 2, 2);
INSERT INTO public.piloto_equipa VALUES (4, 2, 2);
INSERT INTO public.piloto_equipa VALUES (6, 3, 3);


--
-- TOC entry 4509 (class 0 OID 16795)
-- Dependencies: 247
-- Data for Name: resultado; Type: TABLE DATA; Schema: public; Owner: postgres
--

INSERT INTO public.resultado VALUES (1, 1, 125, 12050, 2, 4, 1);
INSERT INTO public.resultado VALUES (2, 3, 127, 12100, 3, 4, 2);
INSERT INTO public.resultado VALUES (3, 4, 129, 12200, 6, 4, 3);
INSERT INTO public.resultado VALUES (4, 7, 131, 12300, 10, 4, 4);
INSERT INTO public.resultado VALUES (5, 2, 124, 11950, 1, 4, 6);
INSERT INTO public.resultado VALUES (6, 5, 128, 12150, 4, 4, 7);
INSERT INTO public.resultado VALUES (7, 1, 126, 12050, 2, 5, 1);
INSERT INTO public.resultado VALUES (8, 3, 128, 12100, 3, 5, 2);
INSERT INTO public.resultado VALUES (9, 4, 130, 12200, 6, 5, 3);
INSERT INTO public.resultado VALUES (10, 7, 132, 12300, 10, 5, 4);
INSERT INTO public.resultado VALUES (11, 2, 125, 11950, 1, 5, 6);
INSERT INTO public.resultado VALUES (12, 5, 129, 12150, 4, 5, 7);
INSERT INTO public.resultado VALUES (13, 1, 127, 12050, 2, 6, 1);
INSERT INTO public.resultado VALUES (14, 3, 129, 12100, 3, 6, 2);
INSERT INTO public.resultado VALUES (15, 4, 131, 12200, 6, 6, 3);
INSERT INTO public.resultado VALUES (16, 7, 133, 12300, 10, 6, 4);
INSERT INTO public.resultado VALUES (17, 2, 126, 11950, 1, 6, 6);
INSERT INTO public.resultado VALUES (18, 5, 130, 12150, 4, 6, 7);
INSERT INTO public.resultado VALUES (19, 1, 128, 12050, 2, 7, 1);
INSERT INTO public.resultado VALUES (20, 3, 130, 12100, 3, 7, 2);
INSERT INTO public.resultado VALUES (21, 4, 132, 12200, 6, 7, 3);
INSERT INTO public.resultado VALUES (22, 7, 134, 12300, 10, 7, 4);
INSERT INTO public.resultado VALUES (23, 2, 127, 11950, 1, 7, 6);
INSERT INTO public.resultado VALUES (24, 5, 131, 12150, 4, 7, 7);
INSERT INTO public.resultado VALUES (25, 1, 129, 12050, 2, 8, 1);
INSERT INTO public.resultado VALUES (26, 3, 131, 12100, 3, 8, 2);
INSERT INTO public.resultado VALUES (27, 4, 133, 12200, 6, 8, 3);
INSERT INTO public.resultado VALUES (28, 7, 135, 12300, 10, 8, 4);
INSERT INTO public.resultado VALUES (29, 2, 128, 11950, 1, 8, 6);
INSERT INTO public.resultado VALUES (30, 5, 132, 12150, 4, 8, 7);
INSERT INTO public.resultado VALUES (31, 1, 126, 12050, 2, 1, 1);
INSERT INTO public.resultado VALUES (32, 3, 128, 12100, 3, 1, 2);
INSERT INTO public.resultado VALUES (33, 4, 130, 12200, 6, 1, 3);
INSERT INTO public.resultado VALUES (34, 7, 132, 12300, 10, 1, 4);
INSERT INTO public.resultado VALUES (35, 2, 125, 11950, 1, 1, 6);
INSERT INTO public.resultado VALUES (36, 5, 129, 12150, 4, 1, 7);
INSERT INTO public.resultado VALUES (37, 1, 127, 12050, 2, 2, 1);
INSERT INTO public.resultado VALUES (38, 3, 129, 12100, 3, 2, 2);
INSERT INTO public.resultado VALUES (39, 4, 131, 12200, 6, 2, 3);
INSERT INTO public.resultado VALUES (40, 7, 133, 12300, 10, 2, 4);
INSERT INTO public.resultado VALUES (41, 2, 126, 11950, 1, 2, 6);
INSERT INTO public.resultado VALUES (42, 5, 130, 12150, 4, 2, 7);
INSERT INTO public.resultado VALUES (43, 1, 128, 12050, 2, 3, 1);
INSERT INTO public.resultado VALUES (44, 3, 130, 12100, 3, 3, 2);
INSERT INTO public.resultado VALUES (45, 4, 132, 12200, 6, 3, 3);
INSERT INTO public.resultado VALUES (46, 7, 134, 12300, 10, 3, 4);
INSERT INTO public.resultado VALUES (47, 2, 127, 11950, 1, 3, 6);
INSERT INTO public.resultado VALUES (48, 5, 131, 12150, 4, 3, 7);


--
-- TOC entry 4505 (class 0 OID 16727)
-- Dependencies: 243
-- Data for Name: resultado_pontos; Type: TABLE DATA; Schema: public; Owner: postgres
--

INSERT INTO public.resultado_pontos VALUES (1, 25);
INSERT INTO public.resultado_pontos VALUES (2, 18);
INSERT INTO public.resultado_pontos VALUES (3, 15);
INSERT INTO public.resultado_pontos VALUES (4, 12);
INSERT INTO public.resultado_pontos VALUES (5, 10);
INSERT INTO public.resultado_pontos VALUES (6, 8);
INSERT INTO public.resultado_pontos VALUES (7, 6);
INSERT INTO public.resultado_pontos VALUES (8, 4);
INSERT INTO public.resultado_pontos VALUES (9, 2);
INSERT INTO public.resultado_pontos VALUES (10, 1);
INSERT INTO public.resultado_pontos VALUES (11, 0);
INSERT INTO public.resultado_pontos VALUES (12, 0);
INSERT INTO public.resultado_pontos VALUES (13, 0);
INSERT INTO public.resultado_pontos VALUES (14, 0);
INSERT INTO public.resultado_pontos VALUES (15, 0);
INSERT INTO public.resultado_pontos VALUES (16, 0);
INSERT INTO public.resultado_pontos VALUES (17, 0);
INSERT INTO public.resultado_pontos VALUES (18, 0);
INSERT INTO public.resultado_pontos VALUES (19, 0);
INSERT INTO public.resultado_pontos VALUES (20, 0);


--
-- TOC entry 4481 (class 0 OID 16470)
-- Dependencies: 219
-- Data for Name: resultados; Type: TABLE DATA; Schema: public; Owner: postgres
--

INSERT INTO public.resultados VALUES (6, 1, 2, 3661, 50, 2, 1);
INSERT INTO public.resultados VALUES (7, 2, 3, 3604, 50, 2, 2);
INSERT INTO public.resultados VALUES (8, 3, 4, 3643, 50, 2, 3);
INSERT INTO public.resultados VALUES (9, 4, 5, 3647, 50, 2, 4);
INSERT INTO public.resultados VALUES (10, 5, 6, 3629, 50, 2, 5);
INSERT INTO public.resultados VALUES (11, 6, 1, 3637, 50, 2, 6);
INSERT INTO public.resultados VALUES (12, 1, 2, 3617, 50, 3, 1);
INSERT INTO public.resultados VALUES (13, 2, 3, 3649, 50, 3, 2);
INSERT INTO public.resultados VALUES (14, 3, 4, 3621, 50, 3, 3);
INSERT INTO public.resultados VALUES (15, 4, 5, 3622, 50, 3, 4);
INSERT INTO public.resultados VALUES (16, 5, 6, 3609, 50, 3, 5);
INSERT INTO public.resultados VALUES (17, 6, 1, 3629, 50, 3, 6);
INSERT INTO public.resultados VALUES (18, 1, 2, 3656, 50, 4, 1);
INSERT INTO public.resultados VALUES (19, 2, 3, 3613, 50, 4, 2);
INSERT INTO public.resultados VALUES (20, 3, 4, 3606, 50, 4, 3);
INSERT INTO public.resultados VALUES (21, 4, 5, 3648, 50, 4, 4);
INSERT INTO public.resultados VALUES (22, 5, 6, 3640, 50, 4, 5);
INSERT INTO public.resultados VALUES (23, 6, 1, 3621, 50, 4, 6);
INSERT INTO public.resultados VALUES (24, 1, 2, 3627, 50, 5, 1);
INSERT INTO public.resultados VALUES (25, 2, 3, 3643, 50, 5, 2);
INSERT INTO public.resultados VALUES (26, 3, 4, 3631, 50, 5, 3);
INSERT INTO public.resultados VALUES (27, 4, 5, 3621, 50, 5, 4);
INSERT INTO public.resultados VALUES (28, 5, 6, 3601, 50, 5, 5);
INSERT INTO public.resultados VALUES (29, 6, 1, 3627, 50, 5, 6);
INSERT INTO public.resultados VALUES (30, 1, 2, 3622, 50, 6, 1);
INSERT INTO public.resultados VALUES (31, 2, 3, 3601, 50, 6, 2);
INSERT INTO public.resultados VALUES (32, 3, 4, 3640, 50, 6, 3);
INSERT INTO public.resultados VALUES (33, 4, 5, 3624, 50, 6, 4);
INSERT INTO public.resultados VALUES (34, 5, 6, 3636, 50, 6, 5);
INSERT INTO public.resultados VALUES (35, 6, 1, 3632, 50, 6, 6);
INSERT INTO public.resultados VALUES (36, 1, 2, 3608, 50, 7, 1);
INSERT INTO public.resultados VALUES (37, 2, 3, 3634, 50, 7, 2);
INSERT INTO public.resultados VALUES (38, 3, 4, 3627, 50, 7, 3);
INSERT INTO public.resultados VALUES (39, 4, 5, 3636, 50, 7, 4);
INSERT INTO public.resultados VALUES (40, 5, 6, 3619, 50, 7, 5);
INSERT INTO public.resultados VALUES (41, 6, 1, 3605, 50, 7, 6);
INSERT INTO public.resultados VALUES (42, 1, 2, 3635, 50, 8, 1);
INSERT INTO public.resultados VALUES (43, 2, 3, 3624, 50, 8, 2);
INSERT INTO public.resultados VALUES (44, 3, 4, 3621, 50, 8, 3);
INSERT INTO public.resultados VALUES (45, 4, 5, 3622, 50, 8, 4);
INSERT INTO public.resultados VALUES (47, 6, 1, 3619, 50, 8, 6);
INSERT INTO public.resultados VALUES (46, 5, 6, 3604, 50, 8, 7);
INSERT INTO public.resultados VALUES (4, 1, 7, 1345, 1345, 1, 4);
INSERT INTO public.resultados VALUES (1, 1, 1, 1151, 1345, 1, 1);
INSERT INTO public.resultados VALUES (2, 2, 2, 1345, 2456, 1, 2);
INSERT INTO public.resultados VALUES (3, 3, 3, 1234, 1234, 1, 3);
INSERT INTO public.resultados VALUES (5, 2, 2, 1345, 1234, 1, 5);
INSERT INTO public.resultados VALUES (48, 1, 2, 125, 12050, 4, 1);
INSERT INTO public.resultados VALUES (49, 3, 3, 127, 12100, 4, 2);
INSERT INTO public.resultados VALUES (50, 4, 6, 129, 12200, 4, 3);
INSERT INTO public.resultados VALUES (51, 7, 10, 131, 12300, 4, 4);
INSERT INTO public.resultados VALUES (52, 2, 1, 124, 11950, 4, 6);
INSERT INTO public.resultados VALUES (53, 5, 4, 128, 12150, 4, 7);
INSERT INTO public.resultados VALUES (54, 1, 2, 126, 12050, 5, 1);
INSERT INTO public.resultados VALUES (55, 3, 3, 128, 12100, 5, 2);
INSERT INTO public.resultados VALUES (56, 4, 6, 130, 12200, 5, 3);
INSERT INTO public.resultados VALUES (57, 7, 10, 132, 12300, 5, 4);
INSERT INTO public.resultados VALUES (58, 2, 1, 125, 11950, 5, 6);
INSERT INTO public.resultados VALUES (59, 5, 4, 129, 12150, 5, 7);
INSERT INTO public.resultados VALUES (60, 1, 2, 127, 12050, 6, 1);
INSERT INTO public.resultados VALUES (61, 3, 3, 129, 12100, 6, 2);
INSERT INTO public.resultados VALUES (62, 4, 6, 131, 12200, 6, 3);
INSERT INTO public.resultados VALUES (63, 7, 10, 133, 12300, 6, 4);
INSERT INTO public.resultados VALUES (64, 2, 1, 126, 11950, 6, 6);
INSERT INTO public.resultados VALUES (65, 5, 4, 130, 12150, 6, 7);
INSERT INTO public.resultados VALUES (66, 1, 2, 128, 12050, 7, 1);
INSERT INTO public.resultados VALUES (67, 3, 3, 130, 12100, 7, 2);
INSERT INTO public.resultados VALUES (68, 4, 6, 132, 12200, 7, 3);
INSERT INTO public.resultados VALUES (69, 7, 10, 134, 12300, 7, 4);
INSERT INTO public.resultados VALUES (70, 2, 1, 127, 11950, 7, 6);
INSERT INTO public.resultados VALUES (71, 5, 4, 131, 12150, 7, 7);
INSERT INTO public.resultados VALUES (72, 1, 2, 129, 12050, 8, 1);
INSERT INTO public.resultados VALUES (73, 3, 3, 131, 12100, 8, 2);
INSERT INTO public.resultados VALUES (74, 4, 6, 133, 12200, 8, 3);
INSERT INTO public.resultados VALUES (75, 7, 10, 135, 12300, 8, 4);
INSERT INTO public.resultados VALUES (76, 2, 1, 128, 11950, 8, 6);
INSERT INTO public.resultados VALUES (77, 5, 4, 132, 12150, 8, 7);
INSERT INTO public.resultados VALUES (78, 1, 2, 126, 12050, 1, 1);
INSERT INTO public.resultados VALUES (79, 3, 3, 128, 12100, 1, 2);
INSERT INTO public.resultados VALUES (80, 4, 6, 130, 12200, 1, 3);
INSERT INTO public.resultados VALUES (81, 7, 10, 132, 12300, 1, 4);
INSERT INTO public.resultados VALUES (82, 2, 1, 125, 11950, 1, 6);
INSERT INTO public.resultados VALUES (83, 5, 4, 129, 12150, 1, 7);
INSERT INTO public.resultados VALUES (84, 1, 2, 127, 12050, 2, 1);
INSERT INTO public.resultados VALUES (85, 3, 3, 129, 12100, 2, 2);
INSERT INTO public.resultados VALUES (86, 4, 6, 131, 12200, 2, 3);
INSERT INTO public.resultados VALUES (87, 7, 10, 133, 12300, 2, 4);
INSERT INTO public.resultados VALUES (88, 2, 1, 126, 11950, 2, 6);
INSERT INTO public.resultados VALUES (89, 5, 4, 130, 12150, 2, 7);
INSERT INTO public.resultados VALUES (90, 1, 2, 128, 12050, 3, 1);
INSERT INTO public.resultados VALUES (91, 3, 3, 130, 12100, 3, 2);
INSERT INTO public.resultados VALUES (92, 4, 6, 132, 12200, 3, 3);
INSERT INTO public.resultados VALUES (93, 7, 10, 134, 12300, 3, 4);
INSERT INTO public.resultados VALUES (94, 2, 1, 127, 11950, 3, 6);
INSERT INTO public.resultados VALUES (95, 5, 4, 131, 12150, 3, 7);
INSERT INTO public.resultados VALUES (96, 1, 2, 125, 12050, 4, 1);
INSERT INTO public.resultados VALUES (97, 3, 3, 127, 12100, 4, 2);
INSERT INTO public.resultados VALUES (98, 4, 6, 129, 12200, 4, 3);
INSERT INTO public.resultados VALUES (99, 7, 10, 131, 12300, 4, 4);
INSERT INTO public.resultados VALUES (100, 2, 1, 124, 11950, 4, 6);
INSERT INTO public.resultados VALUES (101, 5, 4, 128, 12150, 4, 7);
INSERT INTO public.resultados VALUES (102, 1, 2, 126, 12050, 5, 1);
INSERT INTO public.resultados VALUES (103, 3, 3, 128, 12100, 5, 2);
INSERT INTO public.resultados VALUES (104, 4, 6, 130, 12200, 5, 3);
INSERT INTO public.resultados VALUES (105, 7, 10, 132, 12300, 5, 4);
INSERT INTO public.resultados VALUES (106, 2, 1, 125, 11950, 5, 6);
INSERT INTO public.resultados VALUES (107, 5, 4, 129, 12150, 5, 7);
INSERT INTO public.resultados VALUES (108, 1, 2, 127, 12050, 6, 1);
INSERT INTO public.resultados VALUES (109, 3, 3, 129, 12100, 6, 2);
INSERT INTO public.resultados VALUES (110, 4, 6, 131, 12200, 6, 3);
INSERT INTO public.resultados VALUES (111, 7, 10, 133, 12300, 6, 4);
INSERT INTO public.resultados VALUES (112, 2, 1, 126, 11950, 6, 6);
INSERT INTO public.resultados VALUES (113, 5, 4, 130, 12150, 6, 7);
INSERT INTO public.resultados VALUES (114, 1, 2, 128, 12050, 7, 1);
INSERT INTO public.resultados VALUES (115, 3, 3, 130, 12100, 7, 2);
INSERT INTO public.resultados VALUES (116, 4, 6, 132, 12200, 7, 3);
INSERT INTO public.resultados VALUES (117, 7, 10, 134, 12300, 7, 4);
INSERT INTO public.resultados VALUES (118, 2, 1, 127, 11950, 7, 6);
INSERT INTO public.resultados VALUES (119, 5, 4, 131, 12150, 7, 7);
INSERT INTO public.resultados VALUES (120, 1, 2, 129, 12050, 8, 1);
INSERT INTO public.resultados VALUES (121, 3, 3, 131, 12100, 8, 2);
INSERT INTO public.resultados VALUES (122, 4, 6, 133, 12200, 8, 3);
INSERT INTO public.resultados VALUES (123, 7, 10, 135, 12300, 8, 4);
INSERT INTO public.resultados VALUES (124, 2, 1, 128, 11950, 8, 6);
INSERT INTO public.resultados VALUES (125, 5, 4, 132, 12150, 8, 7);
INSERT INTO public.resultados VALUES (126, 1, 2, 126, 12050, 1, 1);
INSERT INTO public.resultados VALUES (127, 3, 3, 128, 12100, 1, 2);
INSERT INTO public.resultados VALUES (128, 4, 6, 130, 12200, 1, 3);
INSERT INTO public.resultados VALUES (129, 7, 10, 132, 12300, 1, 4);
INSERT INTO public.resultados VALUES (130, 2, 1, 125, 11950, 1, 6);
INSERT INTO public.resultados VALUES (131, 5, 4, 129, 12150, 1, 7);
INSERT INTO public.resultados VALUES (132, 1, 2, 127, 12050, 2, 1);
INSERT INTO public.resultados VALUES (133, 3, 3, 129, 12100, 2, 2);
INSERT INTO public.resultados VALUES (134, 4, 6, 131, 12200, 2, 3);
INSERT INTO public.resultados VALUES (135, 7, 10, 133, 12300, 2, 4);
INSERT INTO public.resultados VALUES (136, 2, 1, 126, 11950, 2, 6);
INSERT INTO public.resultados VALUES (137, 5, 4, 130, 12150, 2, 7);
INSERT INTO public.resultados VALUES (138, 1, 2, 128, 12050, 3, 1);
INSERT INTO public.resultados VALUES (139, 3, 3, 130, 12100, 3, 2);
INSERT INTO public.resultados VALUES (140, 4, 6, 132, 12200, 3, 3);
INSERT INTO public.resultados VALUES (141, 7, 10, 134, 12300, 3, 4);
INSERT INTO public.resultados VALUES (142, 2, 1, 127, 11950, 3, 6);
INSERT INTO public.resultados VALUES (143, 5, 4, 131, 12150, 3, 7);


--
-- TOC entry 4529 (class 0 OID 0)
-- Dependencies: 229
-- Name: auth_group_id_seq; Type: SEQUENCE SET; Schema: public; Owner: postgres
--

SELECT pg_catalog.setval('public.auth_group_id_seq', 1, false);


--
-- TOC entry 4530 (class 0 OID 0)
-- Dependencies: 231
-- Name: auth_group_permissions_id_seq; Type: SEQUENCE SET; Schema: public; Owner: postgres
--

SELECT pg_catalog.setval('public.auth_group_permissions_id_seq', 1, false);


--
-- TOC entry 4531 (class 0 OID 0)
-- Dependencies: 227
-- Name: auth_permission_id_seq; Type: SEQUENCE SET; Schema: public; Owner: postgres
--

SELECT pg_catalog.setval('public.auth_permission_id_seq', 108, true);


--
-- TOC entry 4532 (class 0 OID 0)
-- Dependencies: 235
-- Name: auth_user_groups_id_seq; Type: SEQUENCE SET; Schema: public; Owner: postgres
--

SELECT pg_catalog.setval('public.auth_user_groups_id_seq', 1, false);


--
-- TOC entry 4533 (class 0 OID 0)
-- Dependencies: 233
-- Name: auth_user_id_seq; Type: SEQUENCE SET; Schema: public; Owner: postgres
--

SELECT pg_catalog.setval('public.auth_user_id_seq', 1, true);


--
-- TOC entry 4534 (class 0 OID 0)
-- Dependencies: 237
-- Name: auth_user_user_permissions_id_seq; Type: SEQUENCE SET; Schema: public; Owner: postgres
--

SELECT pg_catalog.setval('public.auth_user_user_permissions_id_seq', 1, false);


--
-- TOC entry 4535 (class 0 OID 0)
-- Dependencies: 215
-- Name: circuito_circuitoid_seq; Type: SEQUENCE SET; Schema: public; Owner: postgres
--

SELECT pg_catalog.setval('public.circuito_circuitoid_seq', 1, true);


--
-- TOC entry 4536 (class 0 OID 0)
-- Dependencies: 248
-- Name: comentario_comentarioid_seq; Type: SEQUENCE SET; Schema: public; Owner: postgres
--

SELECT pg_catalog.setval('public.comentario_comentarioid_seq', 8, true);


--
-- TOC entry 4537 (class 0 OID 0)
-- Dependencies: 211
-- Name: construtor_construtorid_seq; Type: SEQUENCE SET; Schema: public; Owner: postgres
--

SELECT pg_catalog.setval('public.construtor_construtorid_seq', 3, true);


--
-- TOC entry 4538 (class 0 OID 0)
-- Dependencies: 213
-- Name: corrida_ronda_seq; Type: SEQUENCE SET; Schema: public; Owner: postgres
--

SELECT pg_catalog.setval('public.corrida_ronda_seq', 1, false);


--
-- TOC entry 4539 (class 0 OID 0)
-- Dependencies: 239
-- Name: django_admin_log_id_seq; Type: SEQUENCE SET; Schema: public; Owner: postgres
--

SELECT pg_catalog.setval('public.django_admin_log_id_seq', 35, true);


--
-- TOC entry 4540 (class 0 OID 0)
-- Dependencies: 225
-- Name: django_content_type_id_seq; Type: SEQUENCE SET; Schema: public; Owner: postgres
--

SELECT pg_catalog.setval('public.django_content_type_id_seq', 27, true);


--
-- TOC entry 4541 (class 0 OID 0)
-- Dependencies: 223
-- Name: django_migrations_id_seq; Type: SEQUENCE SET; Schema: public; Owner: postgres
--

SELECT pg_catalog.setval('public.django_migrations_id_seq', 23, true);


--
-- TOC entry 4542 (class 0 OID 0)
-- Dependencies: 220
-- Name: equipa_equipaid_seq; Type: SEQUENCE SET; Schema: public; Owner: postgres
--

SELECT pg_catalog.setval('public.equipa_equipaid_seq', 3, true);


--
-- TOC entry 4543 (class 0 OID 0)
-- Dependencies: 244
-- Name: noticia_noticiaid_seq; Type: SEQUENCE SET; Schema: public; Owner: postgres
--

SELECT pg_catalog.setval('public.noticia_noticiaid_seq', 4, true);


--
-- TOC entry 4544 (class 0 OID 0)
-- Dependencies: 209
-- Name: piloto_pilotoid_seq; Type: SEQUENCE SET; Schema: public; Owner: postgres
--

SELECT pg_catalog.setval('public.piloto_pilotoid_seq', 8, true);


--
-- TOC entry 4545 (class 0 OID 0)
-- Dependencies: 242
-- Name: resultado_pontos_posfinal_seq; Type: SEQUENCE SET; Schema: public; Owner: postgres
--

SELECT pg_catalog.setval('public.resultado_pontos_posfinal_seq', 1, false);


--
-- TOC entry 4546 (class 0 OID 0)
-- Dependencies: 246
-- Name: resultado_resultadoid_seq; Type: SEQUENCE SET; Schema: public; Owner: postgres
--

SELECT pg_catalog.setval('public.resultado_resultadoid_seq', 48, true);


--
-- TOC entry 4547 (class 0 OID 0)
-- Dependencies: 218
-- Name: resultados_resultadoid_seq; Type: SEQUENCE SET; Schema: public; Owner: postgres
--

SELECT pg_catalog.setval('public.resultados_resultadoid_seq', 143, true);


--
-- TOC entry 4269 (class 2606 OID 16715)
-- Name: auth_group auth_group_name_key; Type: CONSTRAINT; Schema: public; Owner: postgres
--

ALTER TABLE ONLY public.auth_group
    ADD CONSTRAINT auth_group_name_key UNIQUE (name);


--
-- TOC entry 4274 (class 2606 OID 16645)
-- Name: auth_group_permissions auth_group_permissions_group_id_permission_id_0cd325b0_uniq; Type: CONSTRAINT; Schema: public; Owner: postgres
--

ALTER TABLE ONLY public.auth_group_permissions
    ADD CONSTRAINT auth_group_permissions_group_id_permission_id_0cd325b0_uniq UNIQUE (group_id, permission_id);


--
-- TOC entry 4277 (class 2606 OID 16614)
-- Name: auth_group_permissions auth_group_permissions_pkey; Type: CONSTRAINT; Schema: public; Owner: postgres
--

ALTER TABLE ONLY public.auth_group_permissions
    ADD CONSTRAINT auth_group_permissions_pkey PRIMARY KEY (id);


--
-- TOC entry 4271 (class 2606 OID 16606)
-- Name: auth_group auth_group_pkey; Type: CONSTRAINT; Schema: public; Owner: postgres
--

ALTER TABLE ONLY public.auth_group
    ADD CONSTRAINT auth_group_pkey PRIMARY KEY (id);


--
-- TOC entry 4264 (class 2606 OID 16636)
-- Name: auth_permission auth_permission_content_type_id_codename_01ab375a_uniq; Type: CONSTRAINT; Schema: public; Owner: postgres
--

ALTER TABLE ONLY public.auth_permission
    ADD CONSTRAINT auth_permission_content_type_id_codename_01ab375a_uniq UNIQUE (content_type_id, codename);


--
-- TOC entry 4266 (class 2606 OID 16600)
-- Name: auth_permission auth_permission_pkey; Type: CONSTRAINT; Schema: public; Owner: postgres
--

ALTER TABLE ONLY public.auth_permission
    ADD CONSTRAINT auth_permission_pkey PRIMARY KEY (id);


--
-- TOC entry 4285 (class 2606 OID 16628)
-- Name: auth_user_groups auth_user_groups_pkey; Type: CONSTRAINT; Schema: public; Owner: postgres
--

ALTER TABLE ONLY public.auth_user_groups
    ADD CONSTRAINT auth_user_groups_pkey PRIMARY KEY (id);


--
-- TOC entry 4288 (class 2606 OID 16660)
-- Name: auth_user_groups auth_user_groups_user_id_group_id_94350c0c_uniq; Type: CONSTRAINT; Schema: public; Owner: postgres
--

ALTER TABLE ONLY public.auth_user_groups
    ADD CONSTRAINT auth_user_groups_user_id_group_id_94350c0c_uniq UNIQUE (user_id, group_id);


--
-- TOC entry 4279 (class 2606 OID 16620)
-- Name: auth_user auth_user_pkey; Type: CONSTRAINT; Schema: public; Owner: postgres
--

ALTER TABLE ONLY public.auth_user
    ADD CONSTRAINT auth_user_pkey PRIMARY KEY (id);


--
-- TOC entry 4291 (class 2606 OID 16634)
-- Name: auth_user_user_permissions auth_user_user_permissions_pkey; Type: CONSTRAINT; Schema: public; Owner: postgres
--

ALTER TABLE ONLY public.auth_user_user_permissions
    ADD CONSTRAINT auth_user_user_permissions_pkey PRIMARY KEY (id);


--
-- TOC entry 4294 (class 2606 OID 16674)
-- Name: auth_user_user_permissions auth_user_user_permissions_user_id_permission_id_14a6b632_uniq; Type: CONSTRAINT; Schema: public; Owner: postgres
--

ALTER TABLE ONLY public.auth_user_user_permissions
    ADD CONSTRAINT auth_user_user_permissions_user_id_permission_id_14a6b632_uniq UNIQUE (user_id, permission_id);


--
-- TOC entry 4282 (class 2606 OID 16710)
-- Name: auth_user auth_user_username_key; Type: CONSTRAINT; Schema: public; Owner: postgres
--

ALTER TABLE ONLY public.auth_user
    ADD CONSTRAINT auth_user_username_key UNIQUE (username);


--
-- TOC entry 4247 (class 2606 OID 16463)
-- Name: circuito circuito_pkey; Type: CONSTRAINT; Schema: public; Owner: postgres
--

ALTER TABLE ONLY public.circuito
    ADD CONSTRAINT circuito_pkey PRIMARY KEY (circuitoid);


--
-- TOC entry 4310 (class 2606 OID 16854)
-- Name: comentario comentario_pkey; Type: CONSTRAINT; Schema: public; Owner: postgres
--

ALTER TABLE ONLY public.comentario
    ADD CONSTRAINT comentario_pkey PRIMARY KEY (comentarioid, username, noticia_noticiaid);


--
-- TOC entry 4243 (class 2606 OID 16445)
-- Name: construtor construtor_pkey; Type: CONSTRAINT; Schema: public; Owner: postgres
--

ALTER TABLE ONLY public.construtor
    ADD CONSTRAINT construtor_pkey PRIMARY KEY (construtorid);


--
-- TOC entry 4245 (class 2606 OID 16454)
-- Name: corrida corrida_pkey; Type: CONSTRAINT; Schema: public; Owner: postgres
--

ALTER TABLE ONLY public.corrida
    ADD CONSTRAINT corrida_pkey PRIMARY KEY (ronda);


--
-- TOC entry 4297 (class 2606 OID 16695)
-- Name: django_admin_log django_admin_log_pkey; Type: CONSTRAINT; Schema: public; Owner: postgres
--

ALTER TABLE ONLY public.django_admin_log
    ADD CONSTRAINT django_admin_log_pkey PRIMARY KEY (id);


--
-- TOC entry 4259 (class 2606 OID 16594)
-- Name: django_content_type django_content_type_app_label_model_76bd3d3b_uniq; Type: CONSTRAINT; Schema: public; Owner: postgres
--

ALTER TABLE ONLY public.django_content_type
    ADD CONSTRAINT django_content_type_app_label_model_76bd3d3b_uniq UNIQUE (app_label, model);


--
-- TOC entry 4261 (class 2606 OID 16592)
-- Name: django_content_type django_content_type_pkey; Type: CONSTRAINT; Schema: public; Owner: postgres
--

ALTER TABLE ONLY public.django_content_type
    ADD CONSTRAINT django_content_type_pkey PRIMARY KEY (id);


--
-- TOC entry 4257 (class 2606 OID 16586)
-- Name: django_migrations django_migrations_pkey; Type: CONSTRAINT; Schema: public; Owner: postgres
--

ALTER TABLE ONLY public.django_migrations
    ADD CONSTRAINT django_migrations_pkey PRIMARY KEY (id);


--
-- TOC entry 4301 (class 2606 OID 16723)
-- Name: django_session django_session_pkey; Type: CONSTRAINT; Schema: public; Owner: postgres
--

ALTER TABLE ONLY public.django_session
    ADD CONSTRAINT django_session_pkey PRIMARY KEY (session_key);


--
-- TOC entry 4249 (class 2606 OID 16468)
-- Name: epoca epoca_pkey; Type: CONSTRAINT; Schema: public; Owner: postgres
--

ALTER TABLE ONLY public.epoca
    ADD CONSTRAINT epoca_pkey PRIMARY KEY (ano);


--
-- TOC entry 4253 (class 2606 OID 16502)
-- Name: equipa equipa_pkey; Type: CONSTRAINT; Schema: public; Owner: postgres
--

ALTER TABLE ONLY public.equipa
    ADD CONSTRAINT equipa_pkey PRIMARY KEY (equipaid, construtor_construtorid);


--
-- TOC entry 4306 (class 2606 OID 16771)
-- Name: noticia noticia_pkey; Type: CONSTRAINT; Schema: public; Owner: postgres
--

ALTER TABLE ONLY public.noticia
    ADD CONSTRAINT noticia_pkey PRIMARY KEY (noticiaid);


--
-- TOC entry 4255 (class 2606 OID 16507)
-- Name: piloto_equipa piloto_equipa_pkey; Type: CONSTRAINT; Schema: public; Owner: postgres
--

ALTER TABLE ONLY public.piloto_equipa
    ADD CONSTRAINT piloto_equipa_pkey PRIMARY KEY (piloto_pilotoid, equipa_equipaid, equipa_construtor_construtorid);


--
-- TOC entry 4241 (class 2606 OID 16436)
-- Name: piloto piloto_pkey; Type: CONSTRAINT; Schema: public; Owner: postgres
--

ALTER TABLE ONLY public.piloto
    ADD CONSTRAINT piloto_pkey PRIMARY KEY (pilotoid);


--
-- TOC entry 4308 (class 2606 OID 16800)
-- Name: resultado resultado_pkey; Type: CONSTRAINT; Schema: public; Owner: postgres
--

ALTER TABLE ONLY public.resultado
    ADD CONSTRAINT resultado_pkey PRIMARY KEY (resultadoid, posinicio, posfinal, corrida_ronda, piloto_pilotoid);


--
-- TOC entry 4304 (class 2606 OID 16732)
-- Name: resultado_pontos resultado_pontos_pkey; Type: CONSTRAINT; Schema: public; Owner: postgres
--

ALTER TABLE ONLY public.resultado_pontos
    ADD CONSTRAINT resultado_pontos_pkey PRIMARY KEY (posfinal);


--
-- TOC entry 4251 (class 2606 OID 16475)
-- Name: resultados resultados_pkey; Type: CONSTRAINT; Schema: public; Owner: postgres
--

ALTER TABLE ONLY public.resultados
    ADD CONSTRAINT resultados_pkey PRIMARY KEY (resultadoid, corrida_ronda, piloto_pilotoid);


--
-- TOC entry 4267 (class 1259 OID 16716)
-- Name: auth_group_name_a6ea08ec_like; Type: INDEX; Schema: public; Owner: postgres
--

CREATE INDEX auth_group_name_a6ea08ec_like ON public.auth_group USING btree (name varchar_pattern_ops);


--
-- TOC entry 4272 (class 1259 OID 16656)
-- Name: auth_group_permissions_group_id_b120cbf9; Type: INDEX; Schema: public; Owner: postgres
--

CREATE INDEX auth_group_permissions_group_id_b120cbf9 ON public.auth_group_permissions USING btree (group_id);


--
-- TOC entry 4275 (class 1259 OID 16657)
-- Name: auth_group_permissions_permission_id_84c5c92e; Type: INDEX; Schema: public; Owner: postgres
--

CREATE INDEX auth_group_permissions_permission_id_84c5c92e ON public.auth_group_permissions USING btree (permission_id);


--
-- TOC entry 4262 (class 1259 OID 16642)
-- Name: auth_permission_content_type_id_2f476e4b; Type: INDEX; Schema: public; Owner: postgres
--

CREATE INDEX auth_permission_content_type_id_2f476e4b ON public.auth_permission USING btree (content_type_id);


--
-- TOC entry 4283 (class 1259 OID 16672)
-- Name: auth_user_groups_group_id_97559544; Type: INDEX; Schema: public; Owner: postgres
--

CREATE INDEX auth_user_groups_group_id_97559544 ON public.auth_user_groups USING btree (group_id);


--
-- TOC entry 4286 (class 1259 OID 16671)
-- Name: auth_user_groups_user_id_6a12ed8b; Type: INDEX; Schema: public; Owner: postgres
--

CREATE INDEX auth_user_groups_user_id_6a12ed8b ON public.auth_user_groups USING btree (user_id);


--
-- TOC entry 4289 (class 1259 OID 16686)
-- Name: auth_user_user_permissions_permission_id_1fbb5f2c; Type: INDEX; Schema: public; Owner: postgres
--

CREATE INDEX auth_user_user_permissions_permission_id_1fbb5f2c ON public.auth_user_user_permissions USING btree (permission_id);


--
-- TOC entry 4292 (class 1259 OID 16685)
-- Name: auth_user_user_permissions_user_id_a95ead1b; Type: INDEX; Schema: public; Owner: postgres
--

CREATE INDEX auth_user_user_permissions_user_id_a95ead1b ON public.auth_user_user_permissions USING btree (user_id);


--
-- TOC entry 4280 (class 1259 OID 16711)
-- Name: auth_user_username_6821ab7c_like; Type: INDEX; Schema: public; Owner: postgres
--

CREATE INDEX auth_user_username_6821ab7c_like ON public.auth_user USING btree (username varchar_pattern_ops);


--
-- TOC entry 4295 (class 1259 OID 16706)
-- Name: django_admin_log_content_type_id_c4bce8eb; Type: INDEX; Schema: public; Owner: postgres
--

CREATE INDEX django_admin_log_content_type_id_c4bce8eb ON public.django_admin_log USING btree (content_type_id);


--
-- TOC entry 4298 (class 1259 OID 16707)
-- Name: django_admin_log_user_id_c564eba6; Type: INDEX; Schema: public; Owner: postgres
--

CREATE INDEX django_admin_log_user_id_c564eba6 ON public.django_admin_log USING btree (user_id);


--
-- TOC entry 4299 (class 1259 OID 16725)
-- Name: django_session_expire_date_a5c62663; Type: INDEX; Schema: public; Owner: postgres
--

CREATE INDEX django_session_expire_date_a5c62663 ON public.django_session USING btree (expire_date);


--
-- TOC entry 4302 (class 1259 OID 16724)
-- Name: django_session_session_key_c0390e0f_like; Type: INDEX; Schema: public; Owner: postgres
--

CREATE INDEX django_session_session_key_c0390e0f_like ON public.django_session USING btree (session_key varchar_pattern_ops);


--
-- TOC entry 4321 (class 2606 OID 16651)
-- Name: auth_group_permissions auth_group_permissio_permission_id_84c5c92e_fk_auth_perm; Type: FK CONSTRAINT; Schema: public; Owner: postgres
--

ALTER TABLE ONLY public.auth_group_permissions
    ADD CONSTRAINT auth_group_permissio_permission_id_84c5c92e_fk_auth_perm FOREIGN KEY (permission_id) REFERENCES public.auth_permission(id) DEFERRABLE INITIALLY DEFERRED;


--
-- TOC entry 4320 (class 2606 OID 16646)
-- Name: auth_group_permissions auth_group_permissions_group_id_b120cbf9_fk_auth_group_id; Type: FK CONSTRAINT; Schema: public; Owner: postgres
--

ALTER TABLE ONLY public.auth_group_permissions
    ADD CONSTRAINT auth_group_permissions_group_id_b120cbf9_fk_auth_group_id FOREIGN KEY (group_id) REFERENCES public.auth_group(id) DEFERRABLE INITIALLY DEFERRED;


--
-- TOC entry 4319 (class 2606 OID 16637)
-- Name: auth_permission auth_permission_content_type_id_2f476e4b_fk_django_co; Type: FK CONSTRAINT; Schema: public; Owner: postgres
--

ALTER TABLE ONLY public.auth_permission
    ADD CONSTRAINT auth_permission_content_type_id_2f476e4b_fk_django_co FOREIGN KEY (content_type_id) REFERENCES public.django_content_type(id) DEFERRABLE INITIALLY DEFERRED;


--
-- TOC entry 4323 (class 2606 OID 16666)
-- Name: auth_user_groups auth_user_groups_group_id_97559544_fk_auth_group_id; Type: FK CONSTRAINT; Schema: public; Owner: postgres
--

ALTER TABLE ONLY public.auth_user_groups
    ADD CONSTRAINT auth_user_groups_group_id_97559544_fk_auth_group_id FOREIGN KEY (group_id) REFERENCES public.auth_group(id) DEFERRABLE INITIALLY DEFERRED;


--
-- TOC entry 4322 (class 2606 OID 16661)
-- Name: auth_user_groups auth_user_groups_user_id_6a12ed8b_fk_auth_user_id; Type: FK CONSTRAINT; Schema: public; Owner: postgres
--

ALTER TABLE ONLY public.auth_user_groups
    ADD CONSTRAINT auth_user_groups_user_id_6a12ed8b_fk_auth_user_id FOREIGN KEY (user_id) REFERENCES public.auth_user(id) DEFERRABLE INITIALLY DEFERRED;


--
-- TOC entry 4325 (class 2606 OID 16680)
-- Name: auth_user_user_permissions auth_user_user_permi_permission_id_1fbb5f2c_fk_auth_perm; Type: FK CONSTRAINT; Schema: public; Owner: postgres
--

ALTER TABLE ONLY public.auth_user_user_permissions
    ADD CONSTRAINT auth_user_user_permi_permission_id_1fbb5f2c_fk_auth_perm FOREIGN KEY (permission_id) REFERENCES public.auth_permission(id) DEFERRABLE INITIALLY DEFERRED;


--
-- TOC entry 4324 (class 2606 OID 16675)
-- Name: auth_user_user_permissions auth_user_user_permissions_user_id_a95ead1b_fk_auth_user_id; Type: FK CONSTRAINT; Schema: public; Owner: postgres
--

ALTER TABLE ONLY public.auth_user_user_permissions
    ADD CONSTRAINT auth_user_user_permissions_user_id_a95ead1b_fk_auth_user_id FOREIGN KEY (user_id) REFERENCES public.auth_user(id) DEFERRABLE INITIALLY DEFERRED;


--
-- TOC entry 4331 (class 2606 OID 16856)
-- Name: comentario comentario_fk1; Type: FK CONSTRAINT; Schema: public; Owner: postgres
--

ALTER TABLE ONLY public.comentario
    ADD CONSTRAINT comentario_fk1 FOREIGN KEY (noticia_noticiaid) REFERENCES public.noticia(noticiaid);


--
-- TOC entry 4311 (class 2606 OID 16508)
-- Name: corrida corrida_fk1; Type: FK CONSTRAINT; Schema: public; Owner: postgres
--

ALTER TABLE ONLY public.corrida
    ADD CONSTRAINT corrida_fk1 FOREIGN KEY (epoca_ano) REFERENCES public.epoca(ano);


--
-- TOC entry 4312 (class 2606 OID 16513)
-- Name: corrida corrida_fk2; Type: FK CONSTRAINT; Schema: public; Owner: postgres
--

ALTER TABLE ONLY public.corrida
    ADD CONSTRAINT corrida_fk2 FOREIGN KEY (circuito_circuitoid) REFERENCES public.circuito(circuitoid);


--
-- TOC entry 4326 (class 2606 OID 16696)
-- Name: django_admin_log django_admin_log_content_type_id_c4bce8eb_fk_django_co; Type: FK CONSTRAINT; Schema: public; Owner: postgres
--

ALTER TABLE ONLY public.django_admin_log
    ADD CONSTRAINT django_admin_log_content_type_id_c4bce8eb_fk_django_co FOREIGN KEY (content_type_id) REFERENCES public.django_content_type(id) DEFERRABLE INITIALLY DEFERRED;


--
-- TOC entry 4327 (class 2606 OID 16701)
-- Name: django_admin_log django_admin_log_user_id_c564eba6_fk_auth_user_id; Type: FK CONSTRAINT; Schema: public; Owner: postgres
--

ALTER TABLE ONLY public.django_admin_log
    ADD CONSTRAINT django_admin_log_user_id_c564eba6_fk_auth_user_id FOREIGN KEY (user_id) REFERENCES public.auth_user(id) DEFERRABLE INITIALLY DEFERRED;


--
-- TOC entry 4315 (class 2606 OID 16558)
-- Name: equipa equipa_fk1; Type: FK CONSTRAINT; Schema: public; Owner: postgres
--

ALTER TABLE ONLY public.equipa
    ADD CONSTRAINT equipa_fk1 FOREIGN KEY (construtor_construtorid) REFERENCES public.construtor(construtorid);


--
-- TOC entry 4316 (class 2606 OID 16563)
-- Name: equipa equipa_fk2; Type: FK CONSTRAINT; Schema: public; Owner: postgres
--

ALTER TABLE ONLY public.equipa
    ADD CONSTRAINT equipa_fk2 FOREIGN KEY (epoca_ano) REFERENCES public.epoca(ano);


--
-- TOC entry 4317 (class 2606 OID 16568)
-- Name: piloto_equipa piloto_equipa_fk1; Type: FK CONSTRAINT; Schema: public; Owner: postgres
--

ALTER TABLE ONLY public.piloto_equipa
    ADD CONSTRAINT piloto_equipa_fk1 FOREIGN KEY (piloto_pilotoid) REFERENCES public.piloto(pilotoid);


--
-- TOC entry 4318 (class 2606 OID 16573)
-- Name: piloto_equipa piloto_equipa_fk2; Type: FK CONSTRAINT; Schema: public; Owner: postgres
--

ALTER TABLE ONLY public.piloto_equipa
    ADD CONSTRAINT piloto_equipa_fk2 FOREIGN KEY (equipa_equipaid, equipa_construtor_construtorid) REFERENCES public.equipa(equipaid, construtor_construtorid);


--
-- TOC entry 4328 (class 2606 OID 16801)
-- Name: resultado resultado_fk1; Type: FK CONSTRAINT; Schema: public; Owner: postgres
--

ALTER TABLE ONLY public.resultado
    ADD CONSTRAINT resultado_fk1 FOREIGN KEY (posfinal) REFERENCES public.resultado_pontos(posfinal);


--
-- TOC entry 4329 (class 2606 OID 16806)
-- Name: resultado resultado_fk2; Type: FK CONSTRAINT; Schema: public; Owner: postgres
--

ALTER TABLE ONLY public.resultado
    ADD CONSTRAINT resultado_fk2 FOREIGN KEY (corrida_ronda) REFERENCES public.corrida(ronda);


--
-- TOC entry 4330 (class 2606 OID 16811)
-- Name: resultado resultado_fk3; Type: FK CONSTRAINT; Schema: public; Owner: postgres
--

ALTER TABLE ONLY public.resultado
    ADD CONSTRAINT resultado_fk3 FOREIGN KEY (piloto_pilotoid) REFERENCES public.piloto(pilotoid);


--
-- TOC entry 4313 (class 2606 OID 16518)
-- Name: resultados resultados_fk1; Type: FK CONSTRAINT; Schema: public; Owner: postgres
--

ALTER TABLE ONLY public.resultados
    ADD CONSTRAINT resultados_fk1 FOREIGN KEY (corrida_ronda) REFERENCES public.corrida(ronda);


--
-- TOC entry 4314 (class 2606 OID 16523)
-- Name: resultados resultados_fk2; Type: FK CONSTRAINT; Schema: public; Owner: postgres
--

ALTER TABLE ONLY public.resultados
    ADD CONSTRAINT resultados_fk2 FOREIGN KEY (piloto_pilotoid) REFERENCES public.piloto(pilotoid);


--
-- TOC entry 4518 (class 0 OID 0)
-- Dependencies: 3
-- Name: SCHEMA public; Type: ACL; Schema: -; Owner: postgres
--



-- Completed on 2023-01-02 00:06:31 WET

--
-- PostgreSQL database dump complete
--

